LifeExp,Developed,Mortality,BMI,Alcohol,Polio,HIV,GDP,IDHComp,School,InfDeaths,Population
65,No,263,19.1,0.01,6,0.1,584.25921,0.479,10.1,62,33.736494
59.9,No,271,18.6,0.01,58,0.1,612.696514,0.476,10,64,0.327582
59.9,No,268,18.1,0.01,62,0.1,631.744976,0.47,9.9,66,31.731688
59.5,No,272,17.6,0.01,67,0.1,669.959,0.463,9.8,69,3.696958
59.2,No,275,17.2,0.01,68,0.1,63.537231,0.454,9.5,71,2.978599
58.8,No,279,16.7,0.01,66,0.1,553.32894,0.448,9.2,74,2.883167
58.6,No,281,16.2,0.01,63,0.1,445.8932979,0.434,8.9,77,0.284331
58.1,No,287,15.7,0.03,64,0.1,373.3611163,0.433,8.7,80,2.729431
57.5,No,295,15.2,0.02,63,0.1,369.835796,0.415,8.4,82,26.616792
57.3,No,295,14.7,0.03,58,0.1,272.56377,0.405,8.1,84,2.589345
57.3,No,291,14.2,0.02,58,0.1,25.2941299,0.396,7.9,85,0.257798
57,No,293,13.8,0.02,5,0.1,219.1413528,0.381,6.8,87,24.118979
56.7,No,295,13.4,0.01,41,0.1,198.7285436,0.373,6.5,87,2.364851
56.2,No,3,13,0.01,36,0.1,187.84595,0.341,6.2,88,21.979923
55.3,No,316,12.6,0.01,35,0.1,117.49698,0.34,5.9,88,2.966463
54.8,No,321,12.2,0.01,24,0.1,114.56,0.338,5.5,88,0.293756
77.8,No,74,58,4.6,99,0.1,3954.22783,0.762,14.2,0,0.028873
77.5,No,8,57.2,4.51,98,0.1,4575.763787,0.761,14.2,0,0.288914
77.2,No,84,56.5,4.76,99,0.1,4414.72314,0.759,14.2,0,0.289592
76.9,No,86,55.8,5.14,99,0.1,4247.61438,0.752,14.2,0,0.002941
76.6,No,88,55.1,5.37,99,0.1,4437.17868,0.738,13.3,0,0.295195
76.2,No,91,54.3,5.28,99,0.1,494.358832,0.725,12.5,1,0.291321
76.1,No,91,53.5,5.79,98,0.1,4114.136545,0.721,12.2,1,2.927519
75.3,No,1,52.6,5.61,99,0.1,437.539647,0.713,12,1,2.947314
75.9,No,9,51.7,5.58,99,0.1,363.13685,0.703,11.6,1,0.029717
74.2,No,99,5.8,5.31,97,0.1,35.1293,0.696,11.4,1,2.992547
73.5,No,15,49.9,5.16,97,0.1,279.142931,0.685,10.8,1,0.311487
73,No,17,48.9,4.54,98,0.1,2416.588235,0.681,10.9,1,0.326939
72.8,No,18,47.9,4.29,97,0.1,189.681557,0.674,10.7,1,0.339616
73.3,No,15,46.9,3.73,98,0.1,1453.642777,0.67,10.7,1,0.003511
73.6,No,14,46,4.25,97,0.1,1326.97339,0.662,10.6,1,0.036173
72.6,No,11,45,3.66,97,0.1,1175.788981,0.656,10.7,1,0.038927
75.4,No,11,58.4,0.01,95,0.1,547.8517,0.741,14.4,21,39.113313
75.3,No,112,57.2,0.53,95,0.1,5471.866766,0.737,14.4,21,38.338562
75.1,No,113,56.1,0.66,95,0.1,5564.82566,0.732,14.4,21,37.565847
74.9,No,116,55,0.56,95,0.1,5432.2523,0.724,14,21,36.819558
74.7,No,119,53.9,0.45,95,0.1,4463.394675,0.714,13.6,21,36.117637
74.4,No,123,52.8,0.5,94,0.1,3868.83123,0.705,13.1,20,3.546576
74.1,No,126,51.8,0.46,92,0.1,495.254866,0.697,12.6,20,3.486715
73.8,No,129,5.8,0.44,95,0.1,3935.183343,0.69,12.3,20,0.034376
73.4,No,132,49.8,0.36,95,0.1,3464.6179,0.686,12.3,20,33.777915
72.9,No,136,48.9,0.5,88,0.1,31.122378,0.68,12,19,33.288437
72.3,No,14,47.9,0.45,86,0.1,2598.9823,0.673,11.7,19,3.283196
71.7,No,146,47,0.34,87,0.1,294.33556,0.663,11.5,20,3.243514
71.6,No,145,46.1,0.36,86,0.1,1774.33673,0.653,11.1,20,3.199546
71.4,No,145,45.3,0.23,89,0.1,1732.857979,0.644,10.9,20,31.592153
71.3,No,145,44.4,0.25,86,0.1,1757.17797,0.636,10.7,21,3.118366
51.7,No,348,22.7,8.33,68,2,479.31224,0.527,11.4,67,2.692466
51.1,No,355,22.1,8.1,67,2.3,484.616884,0.523,11.4,69,2.599834
56,No,358,21.5,8.24,75,2.6,4598.249988,0.508,10.3,72,0.259615
51,No,361,21,8.06,73,2.5,4299.12889,0.495,9.4,75,24.218565
49.6,No,365,2.4,7.8,81,2.5,3529.53482,0.488,9,78,23.369131
49.1,No,369,19.8,7.01,63,2.5,3347.84485,0.48,8.5,81,22.549547
48.7,No,371,19.3,7.07,65,2.6,3868.578883,0.468,8.1,84,2.175942
48.2,No,375,18.8,6.35,75,2.6,2878.837144,0.454,7.7,87,2.997687
47.7,No,381,18.2,5.84,36,2.5,262.415149,0.439,7.2,90,2.262399
47.4,No,382,17.7,5.04,39,2.6,1443.991929,0.426,6.8,92,19.552542
47.1,No,386,17.2,3.53,4,2.5,141.86844,0.415,6.4,94,18.865716
46.8,No,388,16.8,3.49,4,2.4,779.468356,0.406,5.9,95,1.823369
46.5,No,391,16.3,2.82,37,2.3,711.181716,0.401,5.5,96,17.572649
45.7,No,44,15.8,2.58,41,2.1,526.168743,0.391,5.1,97,16.983266
45.3,No,48,15.4,1.85,3,2,555.2969419,0.382,4.6,97,1.644924
76.2,No,118,62.2,7.93,92,0.1,12245.25645,0.825,17.3,8,42.981515
76,No,119,61.6,8.28,99,0.1,12976.63642,0.823,17.3,8,42.539925
75.9,No,12,61,8.35,99,0.1,12969.7712,0.822,17.2,9,4.296739
75.7,No,12,6.4,8.11,93,0.1,12726.9836,0.816,17.1,9,41.656879000000004
75.5,No,121,59.8,8.15,95,0.1,1276.265,0.802,16.8,10,41.223889
75.6,No,126,59.2,8.33,97,0.1,8161.36966,0.794,16.5,10,0.479947
75.4,No,126,58.6,8.41,94,0.1,8953.359275,0.792,16.3,10,4.382389
74.8,No,129,58,8.16,92,0.1,7193.61764,0.788,16.3,10,3.997224
75.2,No,127,57.5,7.75,92,0.1,5878.76127,0.782,16.1,11,3.955889
74.9,No,127,56.9,7.53,95,0.1,576.883829,0.78,16.3,11,39.145488
74.7,No,13,56.3,7.63,91,0.1,4251.574348,0.775,16.3,11,38.728696
74.1,No,137,55.7,7.62,95,0.1,333.4376,0.77,16.4,11,3.839379
74.1,No,138,55.1,7.81,94,0.1,2579.193168,0.776,16.3,12,3.7889370000000002
74,No,138,54.6,7.76,85,0.1,717.694674,0.771,15.6,12,3.747159
74.1,No,137,54,7.68,88,0.1,7669.273916,0.764,15,12,3.757452
74.6,No,12,54.1,3.91,95,0.1,3994.712355,0.739,12.7,1,0.029622
74.4,No,123,53.3,3.79,96,0.1,3843.591213,0.736,12.7,1,0.289359
74.4,No,121,52.6,3.89,96,0.1,3684.8481,0.732,12.7,1,2.881922
73.9,No,128,51.9,4.09,96,0.1,3526.978143,0.729,12.7,1,2.875581
73.5,No,132,51.2,4.23,96,0.1,3218.381655,0.72,12.3,1,2.877311
73.3,No,137,5.7,3.96,94,0.1,2993.832531,0.725,11.9,1,2.888584
73.2,No,14,5.1,3.96,91,0.1,41.26997,0.721,12.3,1,0.029822
73.5,No,132,49.7,3.99,9,0.1,3138.8873,0.707,11.7,1,0.293356
72.9,No,141,49.2,4.01,87,0.1,2158.299,0.692,11.2,1,0.029585
73,No,137,48.8,4.25,92,0.1,1643.758397,0.679,10.9,1,2.981259
73,No,132,48.4,3.81,93,0.1,1191.96192,0.668,10.9,1,0.003612
72.7,No,134,48.1,3.03,96,0.1,93.1661567,0.657,10.8,1,0.031786
72.6,No,134,47.8,2.86,96,0.1,783.261699,0.645,10.8,1,0.333897
72.6,No,141,47.4,2.86,97,0.1,694.435119,0.644,11.1,1,0.035655
72,No,142,47.1,2.9,96,0.1,622.7427477,0.639,11.2,1,0.369588
82.7,Yes,6,66.1,9.71,92,0.1,62214.6912,0.936,20.4,1,2.346694
82.5,Yes,61,65.5,9.87,91,0.1,67792.3386,0.933,20.3,1,23.117353
82.3,Yes,61,65,10.03,92,0.1,67677.63477,0.93,20.1,1,22.728254
82,Yes,63,64.4,10.3,92,0.1,62245.129,0.927,19.8,1,0.223424
81.9,Yes,64,63.9,10.52,92,0.1,51874.848,0.927,19.5,1,0.223175
81.7,Yes,66,63.4,10.62,92,0.1,42742.99898,0.925,19.1,1,0.216917
81.3,Yes,66,62.9,10.76,92,0.1,49664.6854,0.921,19.1,1,0.212492
81.3,Yes,66,62.5,10.56,92,0.1,4991.98289,0.918,19,1,0.028276
81.2,Yes,66,62,10.31,92,0.1,36118.28381,0.915,20.3,1,0.026979
81,Yes,67,61.5,10.3,92,0.1,3416.71483,0.91,20.3,1,0.023948
86,Yes,69,6.9,9.84,92,0.1,3472.37977,0.908,20.7,1,0.021274
83,Yes,71,6.3,9.97,92,0.1,23465.38559,0.905,20.6,1,0.198954
79.9,Yes,73,59.6,9.84,92,0.1,281.81763,0.902,20.1,1,0.196514
79.9,Yes,75,59,9.53,91,0.1,19517.84168,0.899,20.5,1,0.019413
79.5,Yes,78,58.2,10.17,9,0.1,2169.921,0.897,20.4,1,0.019153
81.4,Yes,66,57.1,12.32,98,0.1,51322.63997,0.892,15.9,0,8.541575
81.1,Yes,68,56.6,11.82,95,0.1,554.71532,0.887,15.7,0,8.479375
88,Yes,7,56.1,12.26,92,0.1,48333.57273,0.884,15.7,0,8.429991
88,Yes,73,55.7,12.04,89,0.1,51126.74139,0.88,15.7,0,8.391643
84,Yes,75,55.2,12.1,86,0.1,46657.629,0.872,15.4,0,0.836344
82,Yes,77,54.7,11.3,83,0.1,47654.18721,0.87,15.3,0,8.343323
84,Yes,76,54.2,12,83,0.1,51386.37665,0.864,15.1,0,8.321496
81,Yes,8,53.7,12.5,85,0.1,46586.6525,0.86,15.2,0,8.295487
79.8,Yes,81,53.2,12.4,83,0.1,443.99361,0.854,15,0,8.268641
79.4,Yes,85,52.7,12.4,86,0.1,38242.4252,0.848,14.9,0,8.227829
79.3,Yes,86,52.2,12.1,83,0.1,36693.4262,0.841,14.7,0,8.171966
78.8,Yes,88,51.7,12.2,84,0.1,3212.9355,0.837,14.7,0,8.121423
78.7,Yes,9,51.2,12.5,82,0.1,26351.37568,0.847,16.1,0,0.881957
78.6,Yes,92,5.6,12.4,83,0.1,24489.73553,0.837,15.5,0,0.842293
78.1,Yes,96,5.1,13.2,71,0.1,24517.26745,0.833,15.4,0,0.811566
72.5,No,119,51.5,0.01,97,0.1,7891.299776,0.752,12.2,5,0.953579
72.2,No,121,5.6,2.14,96,0.1,7875.756953,0.745,11.9,5,0.941681
71.9,No,123,49.7,0.01,92,0.1,7496.335728,0.742,11.8,5,9.295784
71.6,No,125,48.8,1.98,91,0.1,7189.691229,0.741,11.7,5,0.917382
71.1,No,13,48,1.98,85,0.1,5842.85784,0.737,11.7,5,0.954332
78,No,132,47.3,2.1,84,0.1,495.294791,0.728,11.6,6,8.947243
73,No,141,46.6,1.18,85,0.1,5574.6382,0.719,11.6,6,0.087634
73,No,14,45.9,1.02,81,0.1,3851.437869,0.708,11.6,6,0.085813
69.2,No,154,45.3,0.85,8,0.1,2473.85776,0.682,10.7,6,0.848455
68.4,No,162,44.7,0.73,79,0.1,1578.4239,0.675,11.2,6,0.839185
68.4,No,154,44.2,0.62,78,0.1,145.2163,0.668,11,6,0.008365
67.8,No,154,43.6,0.55,79,0.1,883.6439965,0.659,10.8,7,0.082341
67.8,No,146,43.1,0.55,8,0.1,763.73858,0.651,10.6,7,0.817195
67.5,No,151,42.6,0.51,77,0.1,73.6838434,0.642,10.4,8,0.081112
66.6,No,16,42.1,0.65,75,0.1,655.974326,0.636,10.1,9,0.008486
71.4,No,132,17.7,0.01,97,0.1,184.56543,0.57,10,98,15.945279
71,No,135,17,0.01,96,0.1,951.8894535,0.565,10,104,157.571292
77,No,137,16.4,0.01,94,0.1,856.342857,0.557,9.9,111,15.572753
73,No,14,15.8,0.01,96,0.1,835.789341,0.545,9.4,118,153.911916
69.9,No,142,15.2,0.01,94,0.1,757.6717572,0.535,8.9,126,15.214912
69.5,No,144,14.6,0.01,97,0.1,681.125368,0.523,8.4,135,1.545478
69.1,No,147,14,0.01,96,0.1,615.7775411,0.52,8.6,144,14.885814
68.6,No,151,13.5,0.01,96,0.1,541.651484,0.513,8.6,154,147.139191
68.2,No,152,13,0.01,95,0.1,494.51466,0.506,8.4,164,1.453684
67.8,No,155,12.5,0.01,94,0.1,484.155471,0.499,8.2,174,14.343111
67.3,No,158,12,0.01,88,0.1,46.7579167,0.491,8.1,185,14.137489
66.8,No,161,11.6,0.01,9,0.1,432.7388972,0.484,7.9,196,0.139191
66.3,No,164,11.2,0.01,83,0.1,4.6135745,0.476,7.7,207,1.366667
65.8,No,168,1.8,0.01,85,0.1,42.5981152,0.468,7.5,219,1.341716
65.3,No,173,1.4,0.01,83,0.1,45.63371,0.459,7.3,231,131.581243
72,No,199,61.7,13.94,97,0.1,8318.429294,0.796,15.7,0,9.474511
71.7,No,23,61.1,14.66,98,0.1,7978.825443,0.796,15.7,0,9.465997
71.9,No,194,6.5,16.35,98,0.1,694.243915,0.793,15.6,0,9.464495
72,No,232,59.9,17.31,98,0.1,6519.71753,0.787,15.5,0,9.473172
73,No,222,59.3,14.44,99,0.1,63.38877,0.78,15.5,0,0.949583
70,No,226,58.7,14.09,98,0.1,5176.172649,0.771,15.4,0,0.956765
70,No,224,58.2,14.67,98,0.1,6376.183153,0.755,15.1,1,9.527985
69.8,No,226,57.7,14.22,9,0.1,4735.484827,0.739,14.9,1,0.956953
68.9,No,243,57.2,12.6,97,0.1,3848.215966,0.723,14.6,1,0.964924
68.1,No,252,56.7,11.01,98,0.1,3126.71767,0.713,14.4,1,9.663915
68.2,No,247,56.2,12.05,99,0.1,2378.33927,0.703,14.1,1,0.973146
67.7,No,253,55.8,11.17,53,0.1,1819.525644,0.695,13.9,1,9.796749
67.2,No,262,55.3,12.23,99,0.1,1479.383142,0.687,13.6,1,9.865548
67.7,No,254,54.9,10.74,99,0.1,1244.373185,0.681,13.3,1,9.928549
68,No,247,54.4,12.98,99,0.1,1276.28834,0.675,13.1,1,0.997961
89,Yes,76,63.4,12.6,99,0.1,47439.39684,0.89,16.3,0,0.112957
87,Yes,77,63,11.77,99,0.1,4651.38647,0.889,16.3,0,11.182817
83,Yes,78,62.6,10.08,99,0.1,4474.5717,0.886,16.2,0,11.128246
83,Yes,8,62.3,10.11,98,0.1,4772.77415,0.884,16.1,0,1.147744
80,Yes,81,61.9,10.22,98,0.1,4438.23741,0.878,15.9,0,1.895586
79.8,Yes,85,61.6,10.05,98,0.1,4488.5615,0.876,15.8,0,1.796493
79.5,Yes,87,61.3,10.47,99,0.1,48424.58927,0.874,15.8,0,0.179973
79.5,Yes,86,6.9,10.25,99,0.1,4443.83131,0.871,15.8,0,0.016257
79.4,Yes,85,6.6,10.98,99,0.1,38852.3613,0.865,15.7,0,1.547958
78.9,Yes,89,6.2,12.27,97,0.1,36967.28292,0.861,15.7,0,1.478617
78.8,Yes,91,59.8,12.05,96,0.1,35589.71295,0.88,18.8,1,1.421137
78.3,Yes,95,59.4,11.28,96,0.1,3743.95693,0.878,18.6,0,1.376133
78,Yes,99,59,11.29,96,0.1,2552.3328,0.875,18.8,1,1.332785
78,Yes,1,58.5,11.01,96,0.1,23121.56635,0.873,18.2,1,0.128657
77.6,Yes,11,58.1,11.21,96,0.1,2327.4591,0.869,18,1,0.125125
70,No,177,5.1,6.58,95,0.2,4852.223666,0.705,12.8,0,0.351694
69.8,No,18,49.3,6.56,95,0.2,4688.538443,0.706,12.9,0,0.344181
69.4,No,189,48.5,6.66,98,0.1,4673.63848,0.702,12.5,0,0.033671
69.4,No,188,47.8,6.64,95,0.5,4516.24675,0.7,12.4,0,0.329192
69.5,No,186,47,6.76,96,0.2,4344.15177,0.7,12.4,0,0.032168
69.5,No,184,46.3,6.85,98,0.3,4258.788611,0.7,12.7,0,0.313929
69.6,No,181,45.7,7.22,94,0.1,447.22796,0.699,12.8,0,0.036165
69.6,No,181,45,7.24,97,0.6,4324.876427,0.7,12.8,0,0.029847
69.4,No,184,44.4,6.48,98,0.6,4187.3783,0.692,12.3,0,0.029747
69,No,191,43.8,6.25,96,0.8,3933.332215,0.695,12.8,0,0.283277
68.7,No,197,43.2,6.2,97,0.8,3831.53819,0.691,12.5,0,0.027689
68.4,No,21,42.6,5.67,95,1.5,3679.99523,0.684,12.2,0,0.026913
68.5,No,199,42,4.99,93,0.1,3556.561825,0.678,11.9,0,0.026226
68.2,No,21,41.4,4.9,96,0.4,3419.275719,0.677,11.8,0,0.254984
68.3,No,196,4.8,4.79,91,0.3,3364.423711,0.668,11.7,0,0.247315
59.7,No,252,25.2,0.01,74,1.1,943.686575,0.475,10.7,25,1.286712
59.5,No,251,24.6,0.01,73,1.2,915.2674586,0.466,10.3,25,0.014451
59.3,No,251,24.1,0.01,8,1.3,837.9551,0.458,10,25,0.972916
59.1,No,251,23.5,1.4,77,1.4,825.9427854,0.454,9.8,25,0.094682
58.7,No,254,23,1.33,77,1.4,757.695974,0.451,9.5,25,9.199259
58.4,No,259,22.5,1.16,8,1.6,793.45243,0.448,9.3,25,0.894476
57.6,No,278,22,1.28,77,1.8,82.1513498,0.444,9.1,25,8.696916
57.1,No,283,21.5,1.12,82,2,76.535419,0.438,8.9,25,8.454791
56.8,No,284,21,1.19,76,2,625.8392,0.434,8.7,25,8.216896
56.5,No,285,2.5,1.13,73,2.1,61.799977,0.43,8.5,25,7.982225
56.1,No,285,2.1,1.15,74,2.1,583.493514,0.423,8.1,25,0.007754
55.8,No,285,19.7,1.35,75,2.1,519.2922847,0.416,7.7,25,0.752555
55.6,No,283,19.2,1.23,76,2.1,418.6985763,0.407,7.3,25,7.295394
55.5,No,281,18.8,1.29,77,2.1,378.73654,0.395,6.6,25,0.776733
55.4,No,279,18.4,1.34,78,2,374.1923942,0.389,6.4,25,6.865951
69.4,No,216,23.6,0.01,98,0.5,2522.7968,0.596,12.5,0,0.776448
69.1,No,219,22.7,0.01,97,0.6,235.882889,0.589,12.6,0,0.764961
68.7,No,223,21.9,0.01,97,0.6,2422.816,0.581,12.3,0,0.752967
68.3,No,225,21.1,0.23,95,0.5,2458.45976,0.572,11.9,0,0.007451
67.9,No,228,2.3,0.28,92,0.5,2178.921383,0,11.4,1,0.727641
67.4,No,232,19.5,0.17,93,0.4,177.234497,0,10.9,1,0.714458
67,No,234,18.8,0.21,96,0.4,1795.18137,0,10.5,1,7.95e-4
66.5,No,238,18,0.16,93,0.3,1741.142552,0,10.1,1,0.686958
65.8,No,245,17.4,0.29,96,0.3,1335.45696,0,9.6,1,0.672228
65,No,254,16.7,0.73,95,0.3,1247.61392,0,9.2,1,0.656639
64.2,No,263,16.1,0.96,9,0.3,197.45788,0,8.8,1,0.064282
63.3,No,273,15.5,0.52,96,0.2,997.7417141,0,8.4,1,0.623434
62.5,No,282,14.9,0.29,89,0.1,885.6382245,0,8,1,0.066399
61.7,No,29,14.4,0.14,88,0.1,87.9387673,0,7.6,1,0.005896
62,No,312,13.9,0.17,98,0.1,765.8632358,0,7.3,1,0.573416
77.2,No,89,55.3,4.03,86,0.1,5193.94932,0.742,14.2,0,0.035662
77,No,9,54.7,4.12,87,0.1,535.86555,0.735,14.2,0,0.364999
76.8,No,92,54.2,4.61,87,0.1,4716.673325,0.728,13.9,0,0.036482
76.9,No,92,53.7,4.64,89,0.1,55.156834,0.711,13.4,0,3.688865
76.4,No,94,53.1,4.54,9,0.1,4611.47298,0.717,13.3,0,0.372284
76.1,No,97,52.6,4.75,9,0.1,4697.89732,0.716,13.3,0,3.746561
76,No,98,52.1,5.13,92,0.1,575.31664,0.71,13.1,0,3.763599
75.4,No,16,51.5,5.16,95,0.1,418.292176,0.703,12.9,0,0.003774
75.7,No,1,51,4.82,91,0.1,344.321698,0.697,12.7,0,3.779468
75,No,12,5.5,4.56,95,0.1,2968.41186,0,12.5,0,0.378153
75.5,No,99,49.9,4.25,87,0.1,265.642661,0,12.3,0,3.781287
75.2,No,12,49.4,4.14,87,0.1,2214.732246,0,12.1,0,3.779247
75.4,No,11,48.8,3.84,86,0.1,1761.537647,0,11.9,0,0.377587
74.9,No,113,48.2,3.85,92,0.1,1524.41222,0,11.6,0,3.771284
74.6,No,116,47.6,3.64,87,0.1,1461.7552,0,0,0,0.376676
65.1,No,268,37.3,0.01,96,2.3,7497.762376,0.697,12.6,2,2.168573
64.2,No,286,36.8,0.01,96,2.8,77.625783,0.693,12.6,2,0.212857
63.4,No,3,36.2,0.01,96,4.4,729.231453,0.687,12.5,2,0.289315
62.2,No,325,35.7,5.76,96,5.5,7645.21469,0.678,12.4,2,0.251339
61.1,No,349,35.2,5.99,96,6.2,6346.15624,0.669,12.3,2,0.214866
59.2,No,393,34.7,5.01,96,9,5185.729845,0.661,12.2,2,1.979882
57.5,No,427,34.2,6.56,96,12.7,5623.379566,0.646,12.1,2,1.946351
56.9,No,436,33.7,6.21,96,13.4,5714.47937,0.63,12.1,2,1.914414
54.8,No,491,33.2,6.45,96,14.4,5374.554867,0.61,11.9,2,1.884238
51.7,No,566,32.7,6.37,96,20.6,5351.253732,0.593,11.9,2,1.855852
48.1,No,652,32.2,4.9,96,28.4,4896.583835,0.58,11.8,2,0.182933
46.4,No,693,31.6,5.51,96,31.9,4163.6596,0.567,11.8,2,0.184339
46,No,699,31.1,6.41,97,34.6,355.618382,0.558,11.9,2,1.779953
46.7,No,679,3.5,5.48,97,37.2,3128.97793,0.56,11.8,2,1.754935
47.8,No,647,29.9,5.37,97,38.8,3349.68823,0.559,11.7,2,0.172834
74.8,No,144,55.3,7.32,96,0.1,1226.61731,0.747,15.2,44,24.213133
74.7,No,146,54.5,7.24,96,0.1,12216.9446,0.734,14.2,46,2.248632
74.5,No,148,53.6,7.55,96,0.1,12291.46685,0.73,14.2,49,0.256983
74.1,No,152,52.8,7.58,98,0.1,13167.47289,0.724,14,51,198.686688
73.8,No,154,52,7.52,99,0.1,11224.1548,0.716,13.8,54,196.796269
73.6,No,157,51.1,7.33,99,0.1,8553.3847,0.714,13.8,57,194.895996
73.4,No,158,5.3,7.21,99,0.1,8787.61375,0.704,13.3,61,19.297929
73.3,No,159,49.4,7.19,99,0.1,7313.557962,0.7,13.5,65,19.126637
73,No,161,48.6,7.1,99,0.1,586.145975,0.698,13.8,70,18.912412
72.7,No,163,47.8,6.97,99,0.1,477.182746,0.694,13.8,75,186.917361
72,No,17,46.9,6.85,99,0.1,3623.47667,0.695,14,81,184.738458
71.8,No,172,46.1,6.95,99,0.1,359.587582,0.699,14.8,88,182.482149
71.4,No,176,45.3,7,99,0.1,2819.649531,0.692,14.6,95,1.815121
71,No,179,44.5,7.13,99,0.1,3146.95177,0.685,14.3,103,1.777567
75,No,183,43.7,7.26,99,0.1,3739.11936,0.677,14.1,111,175.287587
74.3,Yes,138,65.1,12.03,88,0.1,7853.335191,0.787,14.8,1,7.223938
74.1,Yes,14,64.5,12.06,95,0.1,7674.86559,0.781,14.4,1,7.265115
73.9,Yes,139,63.9,10.99,95,0.1,7378.25539,0.778,14.3,1,0.735888
73.7,Yes,144,63.3,10.67,95,0.1,7813.83499,0.775,14.2,1,7.348328
73.4,Yes,147,62.7,10.8,94,0.1,6843.263289,0.77,13.9,1,7.395599
73.2,Yes,152,62.1,10.93,94,0.1,6955.987733,0.768,13.8,1,7.444443
72.9,Yes,155,61.5,10.98,96,0.1,7296.122479,0.761,13.8,1,7.492561
72.6,Yes,157,6.9,10.89,95,0.1,5932.899677,0.755,13.5,1,7.545338
72.2,Yes,161,6.3,10.39,96,0.1,4513.13628,0.75,13.5,1,0.076122
72.1,Yes,16,59.7,10.48,97,0.1,3893.68998,0.745,13.5,1,7.658972
72.2,Yes,157,59.1,10.96,94,0.1,3381.57837,0.738,13.3,1,0.771686
72,Yes,155,58.6,11.19,96,0.1,271.46824,0.729,12.9,1,7.775327
71.8,Yes,157,58.1,10.2,94,0.1,287.534843,0.723,12.9,1,7.837161
71.6,Yes,16,57.5,10.72,94,0.1,1764.97387,0.713,12.9,1,0.089142
71.1,Yes,163,57,9.69,94,0.1,169.28586,0.709,12.9,1,0.817172
59.3,No,268,18.8,0.01,91,0.6,75.1464113,0.398,7.7,39,17.585977
59,No,27,18.2,4.64,89,0.7,699.452847,0.392,7.5,40,1.772723
58.6,No,271,17.7,4.75,9,0.8,673.8227,0.384,7.2,41,16.571216
58.1,No,275,17.1,4.51,9,0.9,666.842783,0.377,6.7,42,0.168194
57.5,No,279,16.6,4.55,9,1,575.4464527,0.365,6.3,43,1.565217
56.9,No,283,16.1,4.55,91,1.1,552.7455521,0.356,5.9,44,1.514199
56.1,No,288,15.6,4.5,92,1.5,569.7612784,0.345,5.4,45,14.689726
55.3,No,293,15.1,4.58,93,1.7,475.11122,0.334,4.9,46,1.425221
54.3,No,32,14.6,4.73,94,2,422.6332374,0.325,4.7,47,13.829177
53.3,No,313,14.2,4.88,94,2.3,46.998871,0,4.3,48,1.342193
52.4,No,323,13.7,4.54,83,2.5,371.323865,0,3.9,49,0.133569
51.6,No,332,13.3,4.58,83,2.9,332.344351,0,3.8,49,12.654621
51,No,338,12.9,4.53,69,3.2,26.7635413,0,3.6,49,0.122931
56,No,344,12.5,4.56,62,3.6,235.4912324,0,3.5,48,11.944587
51,No,348,12.2,3.71,45,4,226.4759814,0,3.4,48,1.167942
59.1,No,297,18.2,0.01,95,0.7,312.7489794,0.404,10.6,22,0.989179
58.6,No,33,17.6,0.01,96,1,282.7555252,0.398,10.5,22,0.096186
58,No,312,17.1,0.01,96,1.2,265.285651,0.393,10.3,22,0.931971
57.4,No,321,16.6,4.16,95,1.5,26.479973,0.385,9.9,22,0.094358
56.8,No,33,16.1,4.16,94,1.9,231.1943256,0.361,9.3,23,0.87669299999999994
56.2,No,338,15.7,4.05,96,2.4,24.944652,0.336,8.6,23,0.848931
55.3,No,35,15.2,4.33,89,2.9,196.2472628,0.319,7.9,23,8.212264
54.8,No,355,14.8,4.54,93,3.4,17.79995,0.309,7.2,24,7.939573
54.1,No,361,14.5,4.5,88,3.8,165.8794176,0.29,5.9,24,7.675338
53.4,No,369,14.1,5.54,82,4.3,15.57434,0.286,5.6,24,7.423289
52.6,No,378,13.8,5.72,76,4.8,127.4296648,0.279,5.2,24,7.182451
51.9,No,387,13.5,5.84,75,5.1,112.849373,0.276,4.7,24,6.953113
51.5,No,387,13.3,5.98,74,5.2,122.4335893,0.268,4.4,24,6.741569
51.3,No,385,13,6.09,72,5.3,133.7427689,0.268,4.5,25,6.555829
58,No,386,12.8,6.61,71,5.2,135.9984455,0.268,4.5,25,0.006476
73,No,117,3.5,0.01,95,0.2,3529.61843,0.643,13.5,0,0.526437
72.8,No,12,29.7,0.01,93,0.2,3558.796314,0.643,13.6,0,0.005216
72.7,No,121,29,0.01,94,0.3,348.482762,0.636,13.2,0,0.513979
72.6,No,122,28.2,5.07,9,0.3,367.429453,0.632,13.1,0,0.005867
72.5,No,123,27.5,4.75,99,0.4,3312.825985,0.627,12.7,0,0.052384
72.4,No,124,26.8,4.45,99,0.4,3444.5566,0.621,12.4,0,0.496963
72.4,No,124,26.2,4.16,99,0.4,3638.95946,0.615,12.2,0,0.491723
72.3,No,126,25.5,5.28,98,0.6,3112.285712,0.602,11.9,0,0.486438
72.1,No,129,24.9,4.25,97,0.6,234.28992,0.596,11.9,0,0.048795
71.8,No,134,24.3,4.26,95,0.8,248.13459,0.582,11.2,0,0.474567
71.4,No,14,23.7,4.19,94,0.8,1976.45856,0.574,11.1,0,0.467664
71.1,No,144,23.2,4.16,93,0.9,1768.92132,0.572,11.3,0,0.046147
77,No,148,22.6,3.82,92,0.8,1373.515636,0.569,11.3,0,0.045216
73,No,152,22.1,3.81,91,0.8,1268.884564,0.562,11,0,0.443716
69.9,No,155,21.5,3.49,9,0.8,1239.377855,0,11.3,0,0.043579
68.3,No,179,18.9,0.01,87,0.2,198.687123,0.553,10.9,11,0.152779
67.8,No,183,18.2,0.01,66,0.2,128.419568,0.546,10.8,11,1.522692
67.4,No,186,17.6,0.01,84,0.3,95.244132,0.54,10.7,12,14.776866
67,No,19,17,2.12,87,0.3,882.491462,0.533,10.7,13,14.537886
66.6,No,192,16.4,2.2,88,0.5,785.6928841,0.519,10.6,14,0.143874
66.1,No,195,15.9,2.13,95,0.6,738.2326684,0.52,10.5,15,0.014928
65.6,No,199,15.3,2.24,91,0.7,745.7877873,0.511,10.5,16,0.138859
65,No,24,14.8,2.08,82,0.9,631.675789,0.495,10.3,16,13.676693
64.1,No,216,14.3,2.03,8,1.1,539.8791529,0.483,10.1,17,13.474489
62.9,No,234,13.9,1.99,82,1.4,474.2238766,0.47,10,18,0.132721
61.5,No,253,13.5,1.38,86,1.7,48.615184,0.458,9.7,19,1.363377
63,No,268,13.1,1.44,69,1.9,362.4213785,0.445,9.3,21,12.853124
59.3,No,273,12.8,1.43,54,2.1,339.676984,0.427,8.2,23,12.634729
58.5,No,273,12.4,1.71,59,2.2,321.22634,0.412,7.6,25,1.242473
57.7,No,274,12.1,1.51,62,2.1,3.685949,0.401,7.2,27,12.152354
56.7,No,366,28.4,0.01,86,3.7,1441.1417,0.507,10.4,47,2.223994
56.4,No,364,27.8,0.01,88,4,1365.34419,0.501,10.4,48,21.655715
55.9,No,369,27.2,0.01,85,4.6,1255.648189,0.496,10.4,50,2.182383
55.6,No,371,26.6,6.19,8,4.9,1295.649726,0.486,10,51,0.252447
55.3,No,37,26,6.15,83,5.5,1182.869227,0.48,9.7,53,1.997495
54.8,No,373,25.4,5.89,79,6.3,123.19538,0.473,9.2,54,19.432541
54.2,No,382,24.9,5.9,82,6.7,1233.524316,0.466,8.8,56,0.018978
53.6,No,395,24.4,5.44,81,7,111.71186,0.456,8,57,18.395389
53.3,No,394,23.8,5.22,78,7.2,12.989164,0.456,8.2,58,17.899562
52.8,No,4,23.3,5.03,79,7.4,952.1872484,0.456,8.3,58,1.742795
52.1,No,412,22.8,4.71,72,7.5,93.211716,0.455,8.2,59,1.695981
51.8,No,412,22.3,4.64,72,7.7,824.8689393,0.452,8.1,60,16.513822
51.6,No,47,21.8,4.58,66,7.8,676.397661,0.452,8.4,60,1.684886
51.5,No,41,21.3,4.43,61,7.9,614.6729339,0.437,7.1,61,15.671927
51.4,No,394,2.9,3.91,57,7.7,68.414399,0.433,6.9,62,15.274234
82,No,65,66.4,8.1,91,0.1,544.43376,0.912,15.9,2,35.544564
81.8,No,67,65.8,8.2,91,0.1,52413.72116,0.909,15.9,2,35.155451
81.6,No,68,65.3,8.3,99,0.1,52496.69487,0.907,15.9,2,3.475545
81.5,No,68,64.7,8.2,87,0.1,5282.2176,0.903,15.9,2,3.434278
81.2,No,7,64.1,8.4,88,0.1,47447.4762,0.898,15.9,2,0.345274
81,No,72,63.6,8.4,89,0.1,4773.45436,0.898,15.9,2,33.628571
87,No,74,63,8.3,89,0.1,46596.33599,0.897,15.8,2,33.245773
85,No,74,62.5,8.3,9,0.1,44544.5268,0.894,15.8,2,32.887928
85,No,75,61.9,8.2,95,0.1,4386.69948,0.891,15.8,2,0.325755
81,No,76,61.3,8,93,0.1,36189.58838,0.886,15.8,2,0.032312
80,No,77,6.6,7.8,91,0.1,31979.87195,0.881,15.8,2,0.031995
79.7,No,78,6,7.7,88,0.1,28172.14883,0.877,15.8,2,0.031676
79.5,No,79,59.3,7.7,88,0.1,24167.8431,0.872,15.8,2,0.031362
79.4,No,8,58.5,7.6,88,0.1,23691.59472,0.867,15.8,2,0.031819
79.1,No,82,57.8,7.6,88,0.1,24124.16917,0.864,15.9,2,0.037697
58,No,437,22.1,0.01,47,4.5,377.132274,0.345,7.1,15,4.515392
49.9,No,451,21.6,0.01,23,5.1,337.4849614,0.37,7.1,16,4.499653
53,No,439,21.2,0.01,47,5.1,486.41114,0.366,7.1,16,0.449416
49.8,No,443,2.7,1.66,47,5.8,494.336779,0.361,6.8,16,4.476153
49.2,No,446,2.2,1.67,46,6.6,446.4434494,0.352,6.6,17,4.448525
48.6,No,453,19.8,1.56,45,7.3,449.961839,0.345,6.4,17,0.044423
47.6,No,477,19.4,1.52,46,8.3,456.8614334,0.338,6.3,17,4.345386
46.8,No,495,19,1.5,46,9,397.148467,0.33,6.2,17,0.042758
46.3,No,56,18.6,1.54,47,10,347.673678,0.323,6,17,0.421758
45.9,No,511,18.2,1.5,47,11.2,327.1149461,0.319,5.9,17,0.412791
45.7,No,512,17.9,1.5,45,12,313.21598,0.315,5.7,17,0.045536
45.7,No,51,17.5,1.49,44,12.8,286.25819,0.316,5.6,17,3.981665
45.6,No,58,17.2,1.47,42,13.4,253.768343,0.315,5.4,17,0.397612
45.6,No,54,16.8,1.52,4,13.9,243.1586486,0.314,5.3,17,0.383223
46,No,49,16.5,1.51,38,14.3,243.5429317,0.312,5.2,16,3.754986
52.6,No,362,18.7,0.01,44,2.9,125.998515,0.39,7.3,46,13.569438
52.2,No,366,18.2,0.64,46,3.1,986.13177,0.387,7.3,46,13.133589
51.8,No,367,17.9,0.62,51,3.6,973.472574,0.381,7.3,46,1.275135
51.6,No,365,17.5,0.56,4,3.9,989.2363633,0.37,6.7,46,12.288651
51.2,No,364,17.1,0.5,43,4.1,896.5697341,0.36,6.7,46,1.188722
57,No,37,16.7,0.47,32,4.4,84.455939,0.343,6.3,46,1.152786
49.6,No,394,16.4,0.45,3,4.7,929.772391,0.338,6,46,11.133861
49.4,No,394,16.1,0.42,38,4.9,81.683884,0.306,5.7,46,0.177578
48.5,No,414,15.7,0.41,49,5.1,712.1847694,0.303,5.5,45,1.421597
48.6,No,46,15.4,0.42,37,5.2,66.2421396,0.306,5.6,45,0.001679
48.5,No,45,15.1,0.34,31,5.2,454.6765879,0.301,5.6,44,0.097143
48.4,No,43,14.8,0.42,36,5.1,292.5914364,0.284,5.4,44,0.935321
48.1,No,43,14.4,0.36,31,5,22.854821,0.303,5.1,43,0.091689
48,No,4,14.1,0.3,26,4.8,197.3156442,0.3,4.9,42,0.866312
47.6,No,44,13.9,0.25,3,4.6,166.231785,0,4.7,41,8.342559
83,No,83,63.1,7.16,95,0.1,14817.37778,0.841,16.2,2,17.613798
81,No,84,62.5,7.2,9,0.1,15941.39722,0.831,15.6,2,17.462982
79.9,No,84,61.8,6.76,9,0.1,15431.9293,0.826,15.5,2,1.739746
79.8,No,86,61.2,7.26,93,0.1,1475.69242,0.82,15.4,2,17.153357
79.1,No,89,6.6,7.93,92,0.1,1286.17764,0.815,15.2,2,16.993354
79.3,No,91,59.9,7.67,94,0.1,1243.32824,0.816,15.3,2,16.829442
79.6,No,88,59.3,7.31,95,0.1,1781.3668,0.804,15.2,2,16.661942
78.9,No,9,58.7,7.39,95,0.1,1526.87746,0.797,14.8,2,16.491687
78.9,No,91,58.1,7.33,94,0.1,9484.681227,0.796,14.9,2,16.319792
78.4,No,93,57.4,7.57,92,0.1,7615.3468,0.79,14.6,2,1.614764
78,No,97,56.8,6.32,94,0.1,621.828325,0.781,14.3,2,15.973778
77.9,No,1,56.1,6.37,96,0.1,4787.699532,0.775,14,2,15.799542
77.8,No,11,55.4,6.06,97,0.1,4463.545867,0.768,13.9,2,15.623635
77.3,No,16,54.7,6.1,96,0.1,4595.666327,0.761,13.7,2,15.444969
77.3,No,13,54,6.24,91,0.1,511.368479,0.755,13.5,2,15.262754
75.8,No,86,31.9,5.78,99,0.1,7683.5238,0.723,13.1,171,0.136427
75.6,No,88,3.9,5.79,99,0.1,777.77594,0.713,12.7,185,0.135738
75.4,No,89,3,5.74,99,0.1,6337.882993,0.703,12.4,201,0.135695
75.2,No,91,29,5.63,99,0.1,5633.79616,0.7,12.8,215,0.134413
75,No,92,28.1,5.75,99,0.1,456.512487,0.691,12.5,231,0.133775
74.9,No,93,27.3,4.88,99,0.1,3838.434292,0.682,12.2,248,0.133126
74.5,No,97,26.5,4.27,99,0.1,3471.247547,0.672,11.9,266,1.324655
74.4,No,96,25.7,3.88,94,0.1,2695.366223,0.659,11.4,285,1.317885
74.2,No,98,24.9,3.28,94,0.1,299.229676,0.646,11,307,0.013112
73.9,No,99,24.1,2.92,87,0.1,1753.4178,0.634,10.6,332,0.013372
73.5,No,11,23.4,3.04,87,0.1,158.668462,0.622,10.2,360,0.129675
73.1,No,13,22.6,2.96,87,0.1,1288.642924,0.61,9.9,391,0.012884
72.7,No,16,21.9,2.91,86,0.1,1148.5857,0.6,9.7,422,0.001284
72.2,No,11,21.2,2.84,86,0.1,153.1824,0.592,9.6,457,0.127185
71.7,No,115,2.5,3.06,86,0.1,959.372181,0.583,9.5,490,1.262645
74.6,No,144,57.2,4.38,9,0.1,7913.383432,0.72,13.6,11,47.791911
74.4,No,145,56.4,4.41,91,0.1,83.5863,0.712,13.3,11,47.342981
74.3,No,143,55.7,4.44,91,0.1,7884.984429,0.707,13.2,11,46.881475
74.2,No,144,55,4.37,85,0.1,7227.73968,0.7,13,12,4.646646
73.6,No,15,54.2,4.28,88,0.1,625.65544,0.695,12.8,12,4.591897
73.6,No,15,53.5,4.34,92,0.1,5148.422113,0.691,12.4,13,45.416181
73.5,No,146,52.8,4.45,92,0.1,5433.7245,0.683,12.2,14,4.491544
73.5,No,144,52,4.66,93,0.1,4674.21961,0.675,11.9,14,44.374572
73.1,No,147,51.3,4.53,94,0.1,379.78776,0.669,11.5,15,43.835722
73.1,No,144,5.5,4.38,93,0.1,3386.256,0.658,11.1,15,43.285634
72.8,No,148,49.8,4.26,89,0.1,274.249442,0.658,11.3,16,42.724163
72.4,No,15,49,4.25,92,0.1,2246.257472,0.659,11.6,16,42.152151
71.8,No,163,48.2,4.45,83,0.1,2355.725857,0.656,11.5,17,41.572491
71.5,No,165,47.5,4.43,83,0.1,2395.856551,0.653,11.4,17,0.498899
71.4,No,167,46.7,4.66,82,0.1,2472.197831,0.65,11.3,18,0.443958
63.2,No,23,23.7,0.01,87,0.8,852.954379,0.497,11.1,1,0.759385
62.9,No,233,23.2,0.01,85,0.8,834.341949,0.49,10.9,1,0.007415
62.5,No,237,22.6,0.01,85,0.8,788.632653,0.484,10.8,2,0.723868
62.2,No,241,22.1,0.12,85,0.2,829.7586885,0.479,10.6,2,0.076569
61.8,No,246,21.6,0.15,82,0.1,769.1742883,0.476,10.5,2,0.689692
61.3,No,251,21.1,0.17,84,0.1,778.5454199,0.465,10.3,2,0.673252
61,No,255,2.6,0.12,81,0.1,795.97519,0.461,10.2,2,0.657229
66,No,259,2.1,0.16,75,0.1,72.759313,0.459,10,2,0.064162
63,No,262,19.6,0.25,69,0.1,648.38717,0.451,9.9,2,0.626425
60,No,266,19.2,0.24,67,0.1,621.93372,0.434,9.7,2,0.611627
59.8,No,269,18.8,0.27,73,0.1,616.4197236,0,9.5,2,0.597228
59.6,No,271,18.4,0.26,8,0.1,544.566526,0,9.2,2,0.583211
59.5,No,271,18,0.08,98,0.1,433.2691451,0,8.8,2,0.569479
59.5,No,272,17.6,0.08,7,0.1,395.9319363,0,8.5,1,0.555888
59.5,No,272,17.3,0.09,7,0.1,375.8528566,0,8.2,1,0.542357
79.5,No,96,59.5,3.45,91,0.1,1647.44179,0.768,13.9,1,4.757575
79.4,No,96,58.5,3.42,95,0.1,1569.66631,0.762,13.7,1,0.047641
79.2,No,97,57.5,3.34,9,0.1,9985.36959,0.758,13.6,1,4.654122
79,No,98,56.5,3.41,82,0.1,9186.59639,0.752,13.4,1,0.046474
78.1,No,16,55.5,3.58,93,0.1,8199.414621,0.749,13.3,1,0.454528
79.2,No,96,54.4,4.07,8,0.1,689.396224,0.747,13.1,1,4.488263
78.9,No,99,53.4,4.22,89,0.1,6911.136136,0.74,12.9,1,0.442958
78.9,No,93,52.4,4.2,89,0.1,612.623418,0.734,12.8,1,4.369469
78,No,16,51.4,4.15,89,0.1,5245.187372,0.727,12.6,1,0.438794
78.6,No,97,5.3,4.1,91,0.1,4697.11135,0.723,12.4,1,4.247841
77.7,No,12,49.3,4.09,9,0.1,4425.57467,0.719,12.2,1,0.418738
78,No,1,48.3,4.04,88,0.1,4167.71417,0.715,12.1,1,4.125971
78.3,No,99,47.3,4.17,94,0.1,462.14965,0.712,11.9,1,0.046324
77.5,No,1,46.4,4.29,92,0.1,3981.52847,0.708,11.7,1,3.996798
77.6,No,98,45.4,4.34,8,0.1,388.363689,0.702,11.6,1,3.925443
77.8,Yes,97,63.1,12.14,95,0.1,13467.46827,0.82,15.1,0,4.238389
77.7,Yes,97,62.5,12.39,96,0.1,13574.749,0.817,14.9,0,4.255689
77.1,Yes,14,61.9,11.49,96,0.1,13235.97757,0.815,14.6,0,4.267558
77,Yes,14,61.3,12.19,96,0.1,14539.18421,0.808,14.5,0,0.428622
76.6,Yes,16,6.6,12.1,97,0.1,1355.74586,0.803,14.2,0,4.417781
76.3,Yes,19,6,12.21,96,0.1,14157.14416,0.803,14.2,0,0.442978
76,Yes,116,59.4,12.06,96,0.1,15893.8656,0.8,14.3,0,0.443458
75.8,Yes,114,58.7,12.56,96,0.1,13546.69872,0.793,14.3,0,0.004436
75.9,Yes,113,58.1,11.83,96,0.1,11363.41845,0.783,13.9,0,4.44e-4
75.2,Yes,116,57.5,11.59,96,0.1,1224.2459,0.777,13.6,0,0.004442
75.4,Yes,114,56.9,13.11,96,0.1,9365.742468,0.771,13.3,0,0.004439
74.7,Yes,122,56.3,13.78,95,0.1,785.881418,0.765,12.9,0,4.44e-4
74.8,Yes,124,55.8,13.39,95,0.1,653.71637,0.759,12.6,0,4.44e-4
74.9,Yes,126,55.2,13.15,94,0.1,5245.421419,0.749,12.3,0,4.44e-4
74.7,Yes,127,54.7,12.73,94,0.1,4919.62869,0.739,12.2,0,0.004426
83,Yes,53,59.8,0.01,99,0.1,2734.88382,0.85,14,0,0.115239
81,Yes,54,59.2,9.04,99,0.1,2797.96736,0.85,13.8,0,1.143896
80,Yes,56,58.7,10.55,99,0.1,28951.15556,0.85,13.8,0,0.113562
79.7,Yes,57,58.3,10.69,99,0.1,32233.83942,0.847,13.8,0,1.124835
79.5,Yes,59,57.8,11.32,99,0.1,3818.46396,0.853,14.6,0,0.111267
79.3,Yes,6,57.3,10.8,99,0.1,3215.8159,0.849,14.1,0,0.019876
79.1,Yes,62,56.8,12.01,97,0.1,3539.7488,0.844,13.7,0,0.181563
78.9,Yes,63,56.3,11.56,97,0.1,31386.63265,0.836,13.5,0,0.163712
78.8,Yes,64,55.8,11.47,97,0.1,27169.99256,0.829,13.4,0,0.014559
78.7,Yes,65,55.3,11.41,98,0.1,25324.48666,0.826,13.5,0,0.127658
78.6,Yes,65,54.8,13.03,98,0.1,23932.49128,0.823,13.4,0,0.001141
78.5,Yes,66,54.3,10.62,98,0.1,2293.4789,0.815,13,0,0.993563
78.4,Yes,68,53.8,11.68,98,0.1,16372.29152,0.805,12.5,0,0.976966
78.2,Yes,69,53.3,10.16,97,0.1,1562.92433,0.8,12.4,0,0.096282
78.1,Yes,7,52.8,9.56,97,0.1,14672.8826,0.798,12.5,0,0.943286
84,Yes,73,58.4,9.64,94,0.1,62425.5392,0.926,19.2,0,5.643475
81,Yes,75,58.1,9.5,94,0.1,61191.19263,0.924,18.7,0,5.614932
80,Yes,76,57.7,9.26,94,0.1,5857.521,0.922,18.4,0,5.591572
79.7,Yes,79,57.4,10.47,91,0.1,61753.667,0.91,16.9,0,0.557572
79.2,Yes,84,57,10.28,9,0.1,5841.41122,0.906,16.8,0,5.547683
78.9,Yes,86,56.6,10.08,89,0.1,58163.29359,0.906,16.8,0,0.552395
78.8,Yes,88,56.3,10.7,88,0.1,64322.6664,0.906,16.8,0,5.493621
78.4,Yes,93,55.9,10.99,87,0.1,58487.451,0.904,16.7,0,5.461438
78.1,Yes,93,55.4,11.02,93,0.1,5226.99311,0.902,16.9,0,5.437272
78.1,Yes,92,55,11.28,93,0.1,48799.8237,0.897,16.6,0,5.419432
77.7,Yes,98,54.4,11.27,95,0.1,46511.6457,0.893,16.5,0,0.544523
77.3,Yes,11,53.9,11.54,96,0.1,4458.7764,0.882,16.3,0,0.539574
77,Yes,14,53.3,11.34,98,0.1,33228.69291,0.875,16.6,0,5.375931
77,Yes,12,52.8,11.56,97,0.1,3751.64946,0.862,16.2,0,5.358783
76.9,Yes,12,52.2,11.69,97,0.1,3743.55917,0.86,16.5,0,5.339616
63,No,252,34.4,0.38,78,2.1,174.91511,0.467,6.3,1,0.912164
62.7,No,256,33.8,0.53,82,2.1,1622.637974,0.464,6.3,1,0.896688
62.2,No,263,33.2,0.52,81,1.9,1536.15685,0.46,6.3,1,0.881185
61.8,No,268,32.7,0.39,87,2.7,143.986898,0.451,5.9,1,0.865937
61.3,No,273,32.2,0.44,88,3.1,1325.99724,0.441,5.5,1,0.851146
69,No,279,31.7,0.49,89,3.2,1253.657431,0.436,5.3,1,0.083684
62,No,289,31.3,0.49,89,3.3,1214.77118,0.427,5,1,0.822934
59.8,No,296,3.9,0.45,88,3.5,147.586896,0.416,4.5,1,0.008942
59.1,No,39,3.6,1.02,72,3.7,965.6693779,0.405,4.3,2,0.079628
58.6,No,318,3.2,1.23,71,3.9,94.7297489,0.396,4,2,0.783254
58.1,No,326,29.8,1.18,64,4,864.184726,0.388,3.7,2,0.077752
58,No,325,29.4,1.02,68,4.2,819.974118,0.378,3.5,2,0.758615
57.9,No,322,29,1.03,62,4.3,792.15412,0.372,3.3,2,0.746221
57.7,No,323,28.6,0.95,49,4.3,781.2322196,0.363,2.9,2,0.732711
57.4,No,325,28.2,1.34,46,4.1,768.176767,0.361,2.9,2,0.717584
73.6,No,154,57.9,5.92,9,0.3,6268.692122,0.712,13.2,6,0.145844
73.4,No,157,56.8,5.93,82,0.3,627.55544,0.709,13.2,6,1.281296
72.1,No,174,55.8,5.93,85,0.4,5968.876767,0.706,13.1,6,0.115495
73.1,No,16,54.7,5.91,84,0.7,5759.643,0.703,13,6,0.012795
72.7,No,166,53.6,6.02,85,0.9,5451.6696,0.697,12.9,6,9.897985
73.6,No,157,52.6,6.05,85,1.2,4952.67753,0.695,12.9,6,9.767758
73.3,No,161,51.5,6.12,86,1.4,511.37937,0.692,12.8,6,0.963652
72.9,No,164,5.4,6.05,86,1.6,4647.31359,0.685,12.7,6,0.954353
72.3,No,178,49.3,6.2,88,1.8,3836.468771,0.677,12.6,7,9.371338
69.7,No,28,48.2,5.71,86,2,3681.5993,0.668,12.6,7,9.237566
69.3,No,214,47.2,5.16,66,2.1,2421.9662,0.666,12.5,7,0.912998
73,No,22,46.1,6.32,65,2.3,2372.628827,0.665,12.4,7,0.896776
71.4,No,189,45.1,6.43,74,2.4,38.46578,0.66,12.3,7,8.832285
71.2,No,188,44.1,6.13,71,2.5,2862.154836,0.656,12.3,7,8.697126
72,No,176,43.1,6.58,71,2.5,282.4242,0.651,12.2,7,8.562622
76,No,121,53.5,3.82,84,0.1,6432.216537,0.737,14,6,1.593112
76,No,121,52.8,3.77,87,0.1,674.9829,0.725,13.4,6,15.661547
75.5,No,127,52.1,3.92,85,0.1,572.14313,0.717,13.3,7,15.419666
75.3,No,131,51.4,3.99,85,0.1,5223.351763,0.71,13.2,7,15.177355
75,No,134,5.7,3.95,88,0.1,4657.32361,0.703,13.1,7,1.493469
75.1,No,137,5,3.87,91,0.1,4255.56571,0.702,13.1,7,14.691275
74.6,No,139,49.3,3.76,94,0.1,4274.95265,0.698,13,7,14.447562
74.7,No,14,48.6,3.63,95,0.2,359.71886,0.696,12.9,7,1.425453
74.4,No,144,47.9,3.52,92,0.3,335.786541,0.693,12.8,8,1.396748
74.2,No,151,47.2,3.54,89,0.3,321.942547,0.688,12.8,8,13.735233
74.4,No,148,46.5,3.65,9,0.3,278.557892,0.682,12.7,8,1.359647
74.4,No,151,45.8,3.69,97,0.3,244.46898,0.679,12.6,8,1.328961
73.6,No,157,45.1,3.88,88,0.3,2183.966796,0.675,12.5,8,0.013726
73.4,No,158,44.3,4.13,9,0.3,193.741571,0.67,12.4,9,12.852755
72.8,No,163,43.6,3.99,83,0.3,1451.29776,0.668,12.4,9,12.628596
73.3,No,181,55.4,2.52,93,0.2,3988.771871,0.676,13.2,2,6.281189
73,No,184,54.7,2.42,92,0.2,3895.664491,0.675,13.2,2,0.625777
73,No,181,54.1,2.48,93,0.3,3827.786267,0.67,13.2,2,6.221246
72,No,197,53.4,2.37,9,0.3,3736.58713,0.666,13,2,0.619256
72,No,191,52.8,2.36,89,0.3,3474.392445,0.662,12.9,2,6.164626
71.4,No,23,52.1,2.55,91,0.3,3366.482133,0.662,12.8,2,6.137276
71.7,No,194,51.4,2.68,98,0.3,357.347674,0.659,13.4,2,0.061131
71.2,No,23,5.8,2.83,99,0.3,334.83817,0.657,12.9,2,0.683475
75,No,211,5.1,2.77,96,0.2,362.951768,0.651,12.9,3,0.656478
71,No,213,49.4,2.77,89,0.2,2835.281237,0.644,12.7,3,0.628961
70,No,215,48.6,2.9,9,0.3,2632.79942,0.636,12.4,3,0.006775
69.9,No,29,47.8,3.1,93,0.3,2519.737387,0.628,12,3,5.971535
73,No,24,47,2.97,81,0.4,248.4125,0.621,11.8,3,0.059433
68.9,No,219,46.2,2.88,94,0.4,2338.772244,0.615,11.6,4,0.595962
69,No,218,45.3,2.79,98,0.4,2238.4116,0.607,11.3,4,5.867626
57.9,No,32,24,0.01,24,4.4,192.59733,0.582,9.2,3,1.129424
57.4,No,327,23.5,10.72,3,5.7,2246.9938,0.586,9.2,3,0.183746
56.7,No,337,23,11.89,3,8.2,21557.6528,0.583,9.2,3,0.138593
56.2,No,344,22.6,10.99,39,7.7,21451.88617,0.58,9.2,3,0.099429
56.1,No,339,22.1,9.93,59,7.2,17136.44568,0.589,9.2,3,0.095114
55.7,No,34,21.7,7.97,57,7.3,1653.2937,0.59,9.1,3,0.099111
55.4,No,338,21.3,8.34,55,6.3,22742.38159,0.592,9.1,3,0.868418
55,No,339,2.9,6.86,54,5.9,15761.83913,0.587,9,3,0.829327
54.8,No,337,2.5,7.28,52,5.3,12732.2759,0.569,9,3,0.792217
54.4,No,337,2.2,7.19,5,4.9,185.63334,0.563,8.7,3,0.757317
54.1,No,336,19.8,6.28,48,4.4,685.34897,0.553,8.5,3,0.724817
53.8,No,334,19.5,7.13,46,3.6,3577.176197,0.554,8.4,3,0.694611
53.5,No,334,19.1,6.01,44,2.9,2711.17114,0.542,8.2,3,0.066647
53.1,No,334,18.7,5.07,43,2.3,2283.87939,0.527,8,3,0.639762
52.7,No,336,18.3,4.46,41,1.9,172.68491,0,0,3,0.614323
62.9,No,286,16.5,0.62,96,0.7,582.775532,0.405,5,6,0.447469
62.1,No,298,16,0.61,9,0.9,482.14994,0.404,5.1,6,0.043984
61.4,No,311,15.5,0.63,92,1,43.7544499,0.402,5.2,6,0.431334
67,No,322,15.1,0.49,94,1.1,326.825642,0.406,5.2,6,4.232636
62,No,329,14.7,1.23,91,1.3,317.3294336,0.405,5.3,6,4.153332
59.7,No,336,14.3,0.97,94,1.4,297.828588,0.405,5.3,7,0.466648
59.4,No,34,13.9,1.07,96,1.6,276.75896,0,5.4,7,0.039697
59.1,No,342,13.6,0.64,98,1.8,287.4222243,0,5,7,3.858623
58.8,No,343,13.3,0.56,95,1.9,232.7945459,0,4.7,7,3.738265
58.5,No,343,13.1,0.83,92,1.9,21.7687981,0,4.4,7,3.614639
58.1,No,345,12.8,0.61,89,2,215.139213,0,4.3,7,3.497124
45.3,No,593,12.6,0.83,82,1.9,28.1969487,0,3.9,7,0.339281
77.3,No,122,59.4,0.01,93,0.1,19941.45532,0.86,16.5,0,1.314545
76.9,No,127,59,0.01,94,0.1,1929.7746,0.856,16.5,0,1.317997
76.3,No,135,58.5,0.01,94,0.1,17421.8922,0.85,16.5,0,1.322696
76.1,No,138,58,0.01,93,0.1,17454.84342,0.838,16.4,0,1.327439
75.6,No,137,57.6,14.97,94,0.1,14638.6482,0.833,16.2,0,1.331475
74.9,No,156,57.1,15.04,95,0.1,14726.31828,0.836,16.1,0,1.334515
74.2,No,167,56.7,16.99,95,0.1,1894.5485,0.835,16.1,0,0.013379
73,No,189,56.3,17.87,95,0.1,16586.452,0.829,16.1,0,0.013468
73,No,188,55.9,16.58,95,0.1,12595.4165,0.822,16.1,0,0.134681
72.8,No,189,55.5,15.52,96,0.1,1338.31322,0.812,15.9,0,1.354775
72.3,No,195,55.2,15.07,95,0.1,885.465115,0.805,15.7,0,0.136255
71.9,No,199,54.9,11.64,95,0.1,7174.237415,0.798,15.6,0,0.013772
71.2,No,211,54.6,11.48,94,0.1,538.347781,0.791,15.4,0,0.137935
78,No,225,54.3,0.01,94,0.1,4498.95727,0.781,15,0,1.388115
78,No,218,54,0.01,93,0.1,47.32827,0.764,14.4,0,1.396985
64.2,No,234,17.2,0.01,75,0.6,571.1622759,0.435,8.4,140,97.366774
63.7,No,237,16.8,1.86,7,0.9,52.1535887,0.427,8.4,145,94.887724
63.3,No,241,16.4,1.84,7,1.2,468.567249,0.422,8.4,150,92.444183
62.6,No,249,16,1.32,7,1.4,354.8463544,0.411,8.2,156,0.946756
61.8,No,261,15.6,1.34,69,1.7,341.39992,0.401,8.1,162,0.877267
68,No,274,15.3,1.17,65,2,379.7566385,0.393,8.1,169,85.416253
59.8,No,289,14.9,1.13,63,2.4,325.3825543,0.378,7.6,177,83.184892
58.5,No,39,14.5,1.06,61,2.8,243.326822,0.362,7.1,186,0.008149
57.2,No,328,14.2,1.22,59,3.3,193.794956,0.346,6.6,196,7.885689
56,No,343,13.8,0.99,56,3.7,161.6266248,0.325,5.8,206,7.672783
55,No,354,13.5,0.86,54,4.1,135.7623858,0.31,5.4,217,7.462445
54,No,363,13.2,0.79,55,4.4,118.8734466,0.306,5.2,228,72.545144
53.2,No,369,12.9,0.8,55,4.6,111.3634356,0.298,4.9,237,7.497192
52.5,No,372,12.6,0.85,55,4.9,12.1789279,0.283,4.3,246,68.492257
51.2,No,391,12.3,0.88,55,5,123.876257,0,3.9,253,66.537331
69.7,No,19,61.9,0.01,99,0.1,546.3728,0.727,15.2,0,0.088586
69.6,No,192,61.1,0.01,99,0.1,4763.68956,0.719,15,0,0.879715
69.4,No,195,6.2,0.01,99,0.1,4546.73854,0.714,14.9,0,0.873596
69.2,No,197,59.5,0.01,99,0.1,4353.121392,0.709,14.7,0,0.086786
69.1,No,2,58.7,2.25,99,0.1,3651.966784,0.706,14.6,0,0.085995
68.9,No,23,58,2.31,99,0.1,3369.48247,0.704,14.5,0,0.851967
68.7,No,26,57.3,1.95,99,0.1,4177.657789,0.7,14.3,0,0.084334
68.6,No,29,56.6,2.09,99,0.1,478.82327,0.698,14.2,0,0.834812
68.5,No,211,55.9,2.06,98,0.1,3749.939813,0.695,14,0,0.827411
68.3,No,214,55.1,2.02,97,0.1,3658.63832,0.699,13.9,0,0.821817
68.1,No,218,54.2,1.63,96,0.1,3332.918533,0.691,13.4,0,0.818354
68,No,22,53.2,1.76,95,0.1,2835.973972,0.689,13.3,0,0.816628
67.9,No,22,52.2,1.85,94,0.1,2259.55796,0.687,13.3,0,0.815691
67.8,No,221,51.2,1.93,92,0.1,238.891729,0.683,13.2,0,0.814218
67.7,No,221,5.2,2.05,91,0.1,276.1338,0.681,13.1,0,0.811223
89,No,78,61.7,8.8,98,0.1,49914.61864,0.89,17,0,5.461512
87,No,79,61.4,8.97,98,0.1,49638.7713,0.887,17,0,5.438972
84,No,82,61,9.24,99,0.1,47415.55987,0.884,17,0,5.413971
83,No,86,6.6,9.81,99,0.1,579.72415,0.878,16.9,0,5.388272
79.9,No,89,6.2,9.72,99,0.1,4622.41516,0.874,16.8,0,5.363352
79.7,No,91,59.8,9.96,99,0.1,4717.15571,0.878,17,0,5.338871
79.6,No,94,59.4,10.26,97,0.1,5341.31487,0.876,17.1,0,5.313399
79.3,No,96,59,10.45,97,0.1,48288.5491,0.873,17.2,0,0.528872
79.2,No,96,58.6,10.15,97,0.1,4112.67651,0.869,17.2,0,5.266268
78.9,No,11,58.1,9.95,97,0.1,38969.17163,0.864,17.1,0,0.524696
78.7,No,12,57.6,9.89,96,0.1,37636.11173,0.869,18.3,0,5.228172
78.4,No,98,57.1,9.31,96,0.1,32816.1688,0.866,18.1,0,0.521314
78.1,No,98,56.6,9.25,95,0.1,26834.2625,0.863,18,0,0.052598
78,No,1,56.1,8.94,95,0.1,24913.24452,0.856,17.7,0,0.051888
77.5,No,15,55.5,8.59,96,0.1,24253.2542,0.847,17.3,0,0.517629
82.2,No,79,62,11.5,98,0.1,42955.24287,0.89,16.2,3,66.331957
82,No,81,61.6,11.1,99,0.1,42554.1225,0.887,16.2,3,6.599857
81.5,No,83,61.1,11.5,99,0.1,4838.2444,0.885,16.1,3,6.565979
81.7,No,83,6.6,11.8,99,0.1,4381.288,0.882,16.1,3,65.342776
81.3,No,86,6.1,11.7,99,0.1,473.34279,0.879,16,3,6.527512
81.1,No,88,59.6,11.8,98,0.1,41631.13141,0.879,16,3,0.647744
89,No,88,59.1,11.9,98,0.1,45413.6571,0.877,16.1,3,6.437499
89,No,89,58.6,12.2,99,0.1,416.58397,0.873,16.1,3,6.416229
86,No,92,58,12.4,99,0.1,36544.5853,0.87,16.1,3,63.621376
81,No,93,57.5,12.2,98,0.1,34879.72633,0.86,15.5,3,63.179356
82,No,94,57,13.18,99,0.1,33874.74255,0.857,15.5,3,6.274897
79.3,No,99,56.4,13.49,96,0.1,29691.18158,0.852,15.4,3,62.244884
79.2,No,11,55.8,13.78,97,0.1,24275.2426,0.851,15.5,3,6.185267
79,No,13,55.2,13.89,98,0.1,22527.31775,0.849,15.6,3,61.357431
78.8,No,13,54.6,13.63,98,0.1,22465.64184,0.844,15.7,3,6.912498
65.5,No,237,35.8,0.01,68,2.8,9692.163874,0.687,12.6,2,1.875713
64.6,No,255,35.2,8.86,77,3.7,9679.742995,0.678,12.5,2,1.817271
63.5,No,276,34.6,8.3,8,4.9,9774.18117,0.669,12.5,2,1.756817
62.8,No,289,34.1,8.9,75,6,1716.2258,0.664,12.5,2,0.169711
62.3,No,294,33.5,8.85,68,7,8754.113376,0.66,12.5,2,0.016421
61.7,No,31,33,8.64,74,8,763.66223,0.652,12.4,2,1.586754
61.6,No,298,32.4,8.75,81,8.9,194.2746,0.651,12.4,2,1.536411
61.6,No,291,31.9,9.02,78,10,8352.81711,0.645,12.4,2,1.489193
61.4,No,288,31.4,8.01,44,10.7,727.777345,0.646,12.4,2,1.444844
65,No,37,3.8,7.72,44,10.9,6741.2939479999995,0.64,12.4,2,0.143126
59.7,No,322,3.3,8.13,44,11.1,5685.577736,0.64,12.3,2,0.136425
59.7,No,32,29.8,6.47,44,11,4892.11618,0.638,12.3,2,1.328146
59.7,No,315,29.2,8.34,44,10.7,412.55271,0.636,12.3,2,0.129449
59.8,No,37,28.7,9.29,44,10.1,3976.14887,0.633,12.3,2,1.262259
61,No,296,28.1,8.87,44,9.5,4116.46693,0.637,12.2,2,1.231122
74.5,No,125,55.3,6.13,91,0.1,4429.6575,0.759,13.5,1,0.003727
74.5,No,128,54.4,5.91,94,0.1,4274.376857,0.755,13.5,1,0.003776
74.2,No,13,53.6,7.71,93,0.1,4142.869175,0.749,13.4,1,0.003825
73.9,No,127,52.8,8.14,88,0.1,3725.63221,0.742,13.3,1,0.003875
73.8,No,132,52,7.24,88,0.1,2964.47734,0.738,13.3,1,0.003926
73.2,No,133,51.3,6.66,93,0.1,276.588512,0.734,12.8,1,0.003978
73.9,No,128,5.5,7.17,9,0.1,3174.9491,0.735,13.1,1,4.3e-5
74.4,No,12,49.9,8.65,88,0.1,2492.12878,0.722,12.5,1,4.82e-4
73.9,No,126,49.2,6.18,89,0.1,1872.68416,0.714,12.6,1,0.004136
73.9,No,128,48.6,4.7,82,0.1,153.57521,0.703,12.2,1,4.19e-4
72.3,No,134,48.1,3.74,66,0.1,127.367228,0.694,12,1,0.004245
72.7,No,132,47.5,3.36,74,0.1,928.18227,0.684,11.8,1,4.31e-4
71.7,No,142,47,2.72,89,0.1,779.3845935,0.677,11.8,2,0.004357
73,No,121,46.5,2.76,83,0.1,733.974142,0.673,11.7,2,0.043864
71.8,No,129,46,3.28,81,0.1,691.997711,0,11.4,2,0.044183
89,Yes,69,61.9,11.03,94,0.1,4792.65288,0.92,17,2,0.089825
86,Yes,71,61.4,10.94,94,0.1,4653.91143,0.919,16.9,2,0.864565
86,Yes,71,6.9,11.18,94,0.1,4465.24891,0.916,16.9,2,8.425823
85,Yes,74,6.4,11.2,94,0.1,4681.32796,0.912,16.8,2,8.274983
81,Yes,76,59.9,11.2,94,0.1,41785.55691,0.907,16.7,2,8.177693
80,Yes,79,59.5,11.22,95,0.1,41732.7725,0.906,16.7,2,0.819237
79.9,Yes,8,59,11.36,95,0.1,45699.19832,0.903,16.6,2,0.821197
79.8,Yes,82,58.5,11.5,95,0.1,41814.8191,0.898,16.6,3,82.266372
79.6,Yes,84,58,11.76,94,0.1,36447.87232,0.892,16.5,3,82.376451
79.2,Yes,85,57.6,11.67,95,0.1,34696.6292,0.884,16.4,3,82.469422
79.1,Yes,86,57.1,11.83,96,0.1,34165.9343,0.877,16.4,3,8.251626
78.5,Yes,9,56.6,11.92,96,0.1,3359.95215,0.872,16.3,3,82.534176
78.4,Yes,91,56.1,12.25,97,0.1,2525.16445,0.867,16.3,3,82.488495
78.3,Yes,92,55.6,12.46,96,0.1,23687.31689,0.86,16.2,3,82.349925
78,Yes,95,55.1,12.91,94,0.1,23718.7467,0.855,16.2,3,8.221158
62.1,No,253,28,0.01,93,0.8,1432.227943,0.576,11.7,37,26.962563
61.9,No,254,27.3,0.01,91,0.9,1814.492297,0.57,11.5,38,26.346251
61.6,No,257,26.7,0.01,91,0.9,1629.8222,0.563,11.2,39,2.573349
61.2,No,263,26.1,1.64,91,1.3,1574.978653,0.554,10.9,40,25.121796
69,No,267,25.5,1.69,94,1.9,1312.67557,0.547,10.5,40,2.451214
66,No,271,24.9,1.76,94,2.1,186.76538,0.542,10.4,41,2.393831
63,No,275,24.2,1.78,92,2.2,1224.41554,0.53,9.8,41,2.329864
59.9,No,28,23.6,1.25,94,2.6,19.686718,0.519,9.1,41,0.227212
59.4,No,288,23,1.7,84,2.9,922.9351677,0.51,8.7,41,22.113425
58.9,No,296,22.4,1.5,85,3.1,498.172394,0.499,8.1,41,0.215429
58.3,No,34,21.8,1.46,81,3.2,423.1936389,0.491,7.7,41,2.986536
57.9,No,38,21.2,1.53,8,3.4,373.2815537,0.489,7.9,41,2.446782
57.6,No,31,2.7,1.6,8,3.5,39.484473,0.484,7.6,42,19.924522
57.4,No,39,2.1,1.49,81,3.5,273.6596668,0.485,8,42,1.942165
57.2,No,38,19.5,1.6,88,3.6,263.1124679,0.48,7.7,43,18.938762
88,No,73,66,7.53,99,0.1,21673.7817,0.862,17.2,0,1.892413
86,No,74,65.4,7.46,99,0.1,21874.8195,0.86,17.1,0,1.965211
84,No,76,64.9,8.2,99,0.1,22242.68193,0.858,16.8,0,0.114511
85,No,76,64.3,8.02,99,0.1,25916.29353,0.86,16.7,0,1.114899
83,No,76,63.7,9,99,0.1,26917.75898,0.859,16.4,0,11.121341
80,No,78,63.1,9.08,99,0.1,2971.973,0.857,16.2,0,0.111717
79.9,No,77,62.4,9.51,99,0.1,31997.2821,0.853,15.9,0,1.177841
79.4,No,8,61.8,9.67,99,0.1,28827.32636,0.855,16.4,0,1.148473
79.7,No,77,61.2,9.42,98,0.1,2481.15781,0.85,16.3,0,0.112362
79.3,No,81,6.5,9.95,96,0.1,22551.73574,0.839,15.6,0,1.987314
79.2,No,81,59.9,9.56,95,0.1,21955.149,0.83,15.3,0,1.955141
79.1,No,81,59.2,9.46,93,0.1,18477.57841,0.823,15.2,0,0.019287
79,No,81,58.6,8.09,92,0.1,1411.31339,0.811,14.6,1,0.019222
78.7,No,83,58,8.62,9,0.1,12538.17883,0.801,14.2,1,1.862132
78.2,No,84,57.4,8.48,89,0.1,1242.95373,0.794,13.9,1,0.018588
71.7,No,187,49.9,1.88,65,0.4,3687.763767,0.614,10.7,10,15.923559
71.4,No,189,49.3,1.93,84,0.4,3452.828934,0.611,10.7,11,15.596214
71.3,No,189,48.6,2.02,94,0.4,3299.65139,0.616,10.6,11,1.527156
71.1,No,193,47.9,2.16,88,0.4,3187.845296,0.609,10.5,11,14.948919
77,No,196,47.2,2.14,94,0.4,2825.5247,0.602,10.5,12,1.463417
76,No,198,46.5,2.14,92,0.4,2635.753474,0.596,10.4,12,1.431628
79,No,19,45.9,2.21,96,0.4,2794.22189,0.589,10.4,13,0.146366
75,No,192,45.2,2.4,85,0.4,2489.955836,0.578,10.1,13,0.137286
69.7,No,24,44.5,2.38,9,0.4,2256.56724,0.57,9.8,14,0.133978
69.2,No,28,43.8,2.35,87,0.4,277.83438,0.567,9.6,14,0.139628
69.6,No,21,43.1,2.4,88,0.4,1872.73783,0.564,9.3,15,12.796925
69.4,No,24,42.4,2.45,84,0.4,1753.349471,0.56,9,15,0.125478
69.3,No,21,41.7,2.41,82,0.3,171.771491,0.553,8.8,16,1.228848
68.4,No,211,41.1,2.53,78,0.3,1568.376276,0.546,8.5,16,11.924946
67.7,No,221,4.4,2.63,8,0.2,1655.596261,0.539,8.2,17,1.165743
58.1,No,299,22.7,0.01,42,0.5,561.997387,0.412,8.6,27,0.118559
58.8,No,284,22.2,0.01,63,1,54.169324,0.406,8.5,27,11.536615
58.4,No,288,21.7,0.01,63,1.9,52.3485646,0.396,8.5,28,11.281469
58.1,No,29,21.2,0.22,63,2,459.2912,0.385,8.4,28,0.113517
57.8,No,291,2.8,0.2,62,2.2,438.7513346,0.38,8.3,29,0.179417
57.3,No,297,2.3,0.18,6,2.3,436.6895539,0.376,8.1,29,1.556524
56.8,No,33,19.8,0.21,59,2.3,437.4467238,0.371,7.9,30,1.323142
56.4,No,36,19.4,0.19,46,2.4,49.456775,0.364,7.6,31,0.196727
55.6,No,317,19,0.16,53,2.6,296.68382,0.356,7.1,31,9.881428
54.7,No,327,18.5,0.21,59,2.7,33.424498,0.346,6.6,32,9.679745
54,No,334,18.1,0.34,65,2.8,386.3288283,0.325,5.1,33,0.949229
53.3,No,338,17.7,0.18,61,2.9,37.1931781,0.338,5.9,34,0.939848
52.9,No,337,17.3,0.21,56,3,322.811171,0.329,5.5,35,9.137345
52.5,No,336,16.9,0.17,52,3,315.83983,0.322,5.1,36,8.971139
52.5,No,328,16.6,0.17,47,3,34.516918,0.316,4.8,37,0.888546
58.4,No,282,25.6,0.01,87,3.4,642.6256154,0.419,9.2,4,1.725744
58.1,No,279,25,0.01,87,4.5,61.566347,0.415,9.1,4,1.681495
57.6,No,285,24.3,0.01,87,5.3,67.7518833,0.416,9.1,4,1.638139
57.1,No,289,23.7,3.57,85,5.7,692.69989,0.41,9,4,1.596154
56.7,No,287,23.1,3.21,82,5.9,543.957418,0.405,8.9,4,0.155588
56.3,No,288,22.5,2.55,78,6,544.222779,0.401,8.9,4,1.517448
55.6,No,297,21.9,2.64,77,6,583.5445622,0.398,8.8,5,0.148841
55,No,32,21.3,2.98,76,5.7,481.694976,0.394,8.8,5,1.445958
54.4,No,36,2.7,3.22,74,5.6,418.94454,0.388,8.3,5,1.412669
53.9,No,37,2.1,3.1,73,5.4,424.9534585,0,8,5,0.138838
53.5,No,38,19.6,2.58,69,5,393.3138244,0,7.7,5,0.135345
53,No,38,19,2.16,65,4.6,36.5718585,0,7.4,5,0.132122
52.8,No,35,18.5,2.47,61,4.1,321.481324,0,7.1,5,1.293523
52.5,No,32,17.9,2.55,56,3.6,39.486749,0,6.7,5,1.267512
52.1,No,3,17.4,2.84,52,3.1,297.7519443,0,6.4,5,1.243229
66,No,217,45.9,7.64,97,0.3,43.82321,0.636,10.3,0,0.763393
65.9,No,218,45,7.56,98,0.3,3944.178173,0.633,10.3,0,0.075881
65.8,No,22,44.1,7.57,97,0.3,3785.935665,0.63,10.6,0,0.075391
65.6,No,229,43.2,7.56,93,0.4,3439.597513,0.624,10.3,0,0.007491
65.9,No,221,42.4,7.52,95,0.4,326.281212,0.618,10.2,0,0.746556
66.1,No,218,41.6,7.49,97,0.3,2716.35256,0.618,10.5,0,0.745693
66.3,No,218,4.9,7.32,93,0.8,2576.124957,0.618,10.7,1,0.746314
65.7,No,232,4.3,7.2,94,1.9,2327.58324,0.62,11.2,1,0.747869
65.2,No,24,39.6,7.04,92,1.1,1945.6395,0.622,11.7,1,0.074961
65,No,238,39,7.35,93,1.8,198.455216,0.619,11.4,1,0.075946
65.1,No,237,38.4,7.84,91,1.9,145.58861,0.613,11.2,1,0.751652
65.3,No,237,37.8,7.93,91,2.1,986.7958173,0.611,11.1,1,0.751857
65.3,No,244,37.1,7.73,93,2.3,96.8674827,0.609,11,1,0.751884
65.4,No,247,36.4,6.71,9,1.7,925.582546,0.606,10.9,1,0.752263
65.4,No,246,35.7,6.63,79,1.1,946.599372,0.602,10.9,1,0.075331
63.1,No,245,48.8,0.01,55,0.5,83.1148117,0.487,9.1,14,1.572466
62.7,No,253,47.7,5.68,67,0.5,81.265673,0.483,9.1,14,1.431776
62.3,No,259,46.5,5.68,67,0.8,766.8437623,0.477,8.9,15,0.128921
62.3,No,259,45.3,5.68,67,1.5,74.9358452,0.47,8.7,15,0.114554
36.3,No,682,44.2,5.76,66,1.9,662.2795182,0.47,8.6,23,9.999617
62.5,No,251,43,5.85,65,2,668.297646,0.466,8.5,16,0.985287
62.1,No,259,41.8,5.95,64,2.4,674.7564147,0.462,8.4,16,0.097529
61.8,No,266,4.7,6.08,62,2.7,615.8198192,0.458,8.4,17,9.556889
61.1,No,28,39.6,6.18,61,3.3,55.47626,0.455,8.3,17,0.949457
65,No,29,38.5,5.57,6,3.9,465.311876,0.452,8.2,17,0.926344
58.7,No,32,37.5,6.1,58,4.3,387.9429725,0.45,8.1,18,9.119178
59.7,No,3,36.5,6.64,56,4.6,329.782946,0.447,8.1,18,8.976552
59.3,No,33,35.6,6.1,54,4.8,393.16327,0.444,8,19,8.834733
58.9,No,35,34.8,6.22,52,5,413.7383164,0.443,7.9,19,8.692567
58.6,No,35,34,4.79,5,5.1,462.486524,0.439,7.8,20,0.085492
74.5,No,149,5.2,2.87,97,0.3,2242.711912,0.618,11.4,3,0.889216
74.3,No,15,49.3,3.11,97,0.4,2136.77395,0.614,11.6,4,8.657785
74.1,No,151,48.4,3.11,97,0.4,2178.38325,0.614,11.6,4,0.855646
73.9,No,153,47.6,3.1,97,0.4,212.584798,0.611,11.7,4,0.083516
73.6,No,156,46.8,3.1,97,0.4,1932.85829,0.606,11.5,4,8.194778
73.4,No,157,45.9,3.08,97,0.5,1815.489496,0.603,11.3,4,0.083521
73.2,No,159,45.1,3.14,93,0.6,1751.595857,0.597,11.1,4,7.872658
73,No,16,44.3,3.16,94,0.7,1592.572182,0.59,10.9,5,0.777972
72.8,No,161,43.5,3.23,94,0.8,1437.628785,0.583,10.8,5,0.754146
72.5,No,163,42.8,3.23,98,0.9,1311.741714,0.577,10.6,5,0.737343
72.2,No,165,42,3.02,94,1.2,1217.657961,0.571,10.4,5,0.724153
71.9,No,166,41.2,3.04,92,1.4,1157.3427,0.566,10.3,6,0.733821
71.6,No,169,4.4,3.09,95,1.5,1132.8721,0.561,10.1,6,6.863157
71.3,No,171,39.6,2.74,99,1.6,113.4546,0.557,9.9,6,0.669361
71,No,174,38.8,2.61,88,1.7,188.783165,0.551,9.8,6,6.524283
75.6,Yes,137,64.2,0.01,99,0.1,14117.97668,0.834,15.8,0,9.866468
75.5,Yes,139,63.6,10.88,99,0.1,13613.6147,0.824,15.4,0,0.989382
75,Yes,146,63,11.27,99,0.1,12834.32349,0.823,15.4,0,0.992362
74.8,Yes,15,62.4,11.51,99,0.1,1448.87958,0.821,15.4,0,9.971727
74.5,Yes,156,61.7,10.78,99,0.1,1325.53379,0.817,15.3,0,1.23e-4
74.2,Yes,162,61.1,11.46,99,0.1,12967.16543,0.816,15.3,0,0.012265
74.1,Yes,165,6.5,11.64,99,0.1,15669.25929,0.812,15.3,1,0.138188
73.5,Yes,176,59.9,12.55,99,0.1,13842.6549,0.809,15.3,1,0.015578
73.4,Yes,177,59.3,13.16,99,0.1,11398.76584,0.802,15.2,1,0.017137
72.9,Yes,182,58.8,12.94,99,0.1,11161.72441,0.795,15,1,0.018765
72.9,Yes,18,58.2,13.28,99,0.1,1259.5266,0.793,15.3,1,0.117146
72.5,Yes,184,57.6,13.24,99,0.1,8396.25323,0.784,14.9,1,1.129552
72.5,Yes,184,57.1,13.29,98,0.1,665.6443,0.775,14.6,1,0.115868
72.3,Yes,185,56.6,13.18,99,0.1,527.85364,0.769,14.2,1,1.187576
71.7,Yes,193,56.1,12.22,99,0.1,4623.46712,0.761,13.9,1,0.121971
82.5,Yes,49,6.6,7.45,9,0.1,52473.11356,0.915,19,0,0.327386
82.4,Yes,5,6.2,7.31,91,0.1,4781.3888,0.907,19,0,0.323764
82.5,Yes,5,59.7,7.81,89,0.1,44333.8518,0.901,18.7,0,0.032716
82.1,Yes,51,59.3,8.13,95,0.1,46.217,0.894,18.6,0,0.031914
81.8,Yes,53,58.9,8.25,96,0.1,41676.44527,0.894,18.4,0,0.031841
81.6,Yes,55,58.5,10.22,96,0.1,4461.89251,0.894,18.4,0,0.318499
81.4,Yes,58,58.1,8.49,98,0.1,55575.29196,0.892,18.2,0,0.317414
81.3,Yes,59,57.8,7.53,97,0.1,68348.31817,0.887,18.2,0,0.311566
81.1,Yes,61,57.4,7.2,97,0.1,5613.54115,0.884,18.1,0,0.033782
81,Yes,62,56.9,7.05,95,0.1,56249.7555,0.879,17.9,0,0.296734
88,Yes,65,56.5,6.79,99,0.1,46917.27216,0.873,18.3,0,0.029274
87,Yes,65,55.9,6.61,97,0.1,3944.999,0.866,17.6,0,0.289521
84,Yes,7,55.4,6.61,95,0.1,31996.2172,0.859,17.2,0,0.287523
80,Yes,72,54.8,6.37,92,0.1,28585.9254,0.854,17.1,0,0.284968
79.7,Yes,74,54.2,6.17,98,0.1,31813.37344,0.847,16.8,0,0.028125
68,No,184,18.1,3.07,84,0.2,1573.11889,0.607,11.6,957,1293.859294
67.6,No,187,17.5,3.11,82,0.2,1452.195373,0.599,11.5,1000,127.856227
67.3,No,19,17,3.1,79,0.2,1446.98541,0.59,11.3,1100,126.365852
66.8,No,193,16.4,3,79,0.2,1461.671957,0.58,10.8,1100,124.723629
66.4,No,196,15.9,2.77,76,0.2,1345.77153,0.569,10.4,1200,12.398691
66,No,2,15.4,2.5,73,0.2,19.317765,0.563,10.5,1300,121.427132
65.5,No,23,14.9,1.93,69,0.3,991.484634,0.556,10.2,1300,119.714696
65.2,No,26,14.4,1.59,67,0.3,118.166373,0.546,9.9,1400,1179.681239
64.8,No,28,13.9,1.37,66,0.3,792.259698,0.536,9.7,1500,1161.977719
64.4,No,211,13.5,1.27,65,0.3,77.819,0.526,9.4,1500,1144.118674
64,No,214,13,1.2,58,0.3,621.3183767,0.518,9.2,1600,1126.135777
63.7,No,216,12.6,1.19,57,0.3,541.1352279,0.505,8.6,1700,11.827848
63.3,No,219,12.2,1.1,58,0.3,466.2842,0.499,8.4,1700,18.987112
62.9,No,222,11.8,1,58,0.3,447.138966,0.494,8.3,1800,171.477855
62.5,No,224,11.4,0.93,57,0.3,438.864634,0.489,8.3,1800,1.535912
68.9,No,179,26.5,0.09,8,0.3,3491.595887,0.682,12.9,119,255.131116
68.7,No,181,25.6,0.09,86,0.3,362.663981,0.677,12.9,124,25.232263
68.5,No,183,24.7,0.08,84,0.3,3687.953996,0.669,12.6,129,248.883232
68.3,No,185,23.8,0.08,81,0.3,3634.27685,0.662,12.3,134,24.577511
68.1,No,187,22.9,0.08,82,0.3,3113.48635,0.656,12.1,138,242.524123
67.9,No,189,22.1,0.08,85,0.3,2254.44566,0.645,11.7,143,23.934478
67.7,No,189,21.3,0.07,83,0.2,216.52766,0.641,11.7,149,236.159276
67.5,No,19,2.5,0.06,77,0.2,1855.93915,0.638,11,154,232.989141
67.3,No,191,19.7,0.06,78,0.1,1586.254,0.632,10.9,159,22.983822
67.2,No,19,19,0.06,79,0.1,126.928834,0.629,11.1,163,22.671273
65.3,No,213,18.2,0.06,79,0.1,1148.56996,0.624,11,174,223.61464899999999
66.9,No,189,17.5,0.05,8,0.1,164.59447,0.613,10.8,173,22.545214
66.7,No,189,16.7,0.05,8,0.1,899.5556857,0.608,10.6,177,2.175859
66.5,No,188,16,0.06,77,0.1,747.9817455,0.604,10.6,182,2.145652
66.3,No,188,15.4,0.06,72,0.1,78.92744,0.597,10.7,187,21.154429
67.9,No,199,58.5,0.01,67,0.1,673.74737,0.658,10.1,32,0.003568
69.5,No,17,57.8,0.01,7,0.1,6925.22446,0.659,10.3,32,33.883145
76,No,147,57.2,0.01,7,0.1,6651.12242,0.656,10.5,32,32.776571
77,No,144,56.5,0.17,8,0.1,5854.614497,0.649,10.4,32,3.172753
76,No,145,55.8,0.19,74,0.1,452.74948,0.646,10.4,32,0.376271
74,No,148,55.2,0.2,78,0.1,3735.144836,0.643,10.3,32,29.894652
69.3,No,167,54.5,0.17,71,0.1,4521.3247,0.638,10.3,32,29.111417
65.9,No,227,53.8,0.14,74,0.1,3129.224922,0.636,10.2,31,2.839433
64.7,No,249,53.2,0.03,63,0.1,2351.812429,0.631,10.2,31,27.697912
66.8,No,29,52.5,0.18,69,0.1,1849.63911,0.628,10.1,31,0.278426
67.2,No,21,51.9,0.32,69,0.1,1391.816923,0.603,9.8,30,2.631669
81.2,Yes,66,62.1,10.75,96,0.1,5553.32623,0.91,18.6,0,4.617225
81,Yes,67,61.3,10.49,96,0.1,5234.76736,0.902,18.6,0,4.598294
85,Yes,69,6.5,11.49,95,0.1,49231.36254,0.895,18.5,0,4.586897
84,Yes,7,59.7,11.72,95,0.1,52567.52568,0.909,18.5,0,4.576794
86,Yes,68,58.9,11.88,94,0.1,48538.58776,0.907,18.2,0,0.456155
79.7,Yes,77,58.2,11.41,94,0.1,51983.78892,0.909,17.9,0,4.535375
79.8,Yes,75,57.4,12.66,93,0.1,61235.415,0.908,17.9,0,4.489544
79.5,Yes,75,56.6,13.59,92,0.1,61388.17457,0.902,17.6,0,4.398942
79,Yes,78,55.8,13.44,91,0.1,54326.9713,0.896,17.6,0,4.273591
78.7,Yes,78,55.1,13.31,9,0.1,5886.82789,0.889,17.5,0,4.159914
78.3,Yes,82,54.4,13.32,89,0.1,47631.6377,0.88,17.1,0,0.047262
78,Yes,82,53.6,13.24,86,0.1,4117.15532,0.87,16.8,0,3.996521
77.4,Yes,88,52.9,14.17,83,0.1,32539.1937,0.862,16.5,0,3.931947
77,Yes,89,52.2,14.27,84,0.1,28223.55528,0.857,16.4,0,3.866243
76.4,Yes,94,51.5,14.07,86,0.1,26241.91883,0.848,16.2,0,0.385174
82.2,No,6,64.6,2.62,95,0.1,37582.84624,0.895,16,1,0.082157
82.1,No,61,64.2,2.69,96,0.1,36393.66932,0.891,15.9,1,0.008595
81.8,No,6,63.8,2.78,94,0.1,32569.59683,0.889,15.9,1,0.007915
81.8,No,61,63.4,2.67,94,0.1,33657.15727,0.883,15.8,1,0.077658
81.7,No,61,63,2.63,95,0.1,3661.994,0.878,15.7,1,0.076236
81.5,No,63,62.6,2.55,96,0.1,27795.87671,0.876,15.6,1,0.074856
81,No,65,62.1,2.47,94,0.1,29657.4421,0.877,15.8,1,0.007388
84,No,68,61.6,2.33,95,0.1,258.637,0.872,15.7,1,0.007181
84,No,68,61.1,2.23,94,0.1,2195.1769,0.87,15.7,1,0.007537
80,No,71,6.6,2.41,95,0.1,2611.17931,0.866,15.8,1,0.006931
81,No,69,6.1,2.23,95,0.1,19888.172,0.863,15.9,1,6.89e-4
79.7,No,71,59.6,2.32,93,0.1,18946.99942,0.863,16,1,0.066897
79.3,No,74,59.2,2.47,91,0.1,18431.15696,0.855,15.3,1,6.57e-4
79.3,No,74,58.7,2.53,93,0.1,236.19646,0.85,15.1,1,0.006439
78.9,No,76,58.3,2.53,93,0.1,2152.1432,0.845,15.2,1,0.006289
82.5,Yes,57,63.1,7.56,95,0.1,35396.66517,0.877,16.3,2,0.678914
82.3,Yes,58,62.6,7.35,96,0.1,3537.27441,0.876,16.5,2,6.233948
82,Yes,6,62.1,7.49,96,0.1,34814.12436,0.877,16.6,2,59.539717
82,Yes,6,61.5,6.98,96,0.1,38334.68477,0.872,16.4,2,59.379449
81.8,Yes,6,61,6.95,96,0.1,35849.37364,0.869,16.4,2,59.277417
81.6,Yes,61,6.5,7.25,96,0.1,36976.84512,0.868,16.3,2,5.995365
81.5,Yes,61,59.9,7.96,96,0.1,464.18465,0.866,16.3,2,58.826731
81.3,Yes,63,59.4,8.37,97,0.1,37698.78573,0.862,16.1,2,5.843831
81.2,Yes,65,58.8,8.44,97,0.1,3341.7482,0.856,16,2,58.143979
88,Yes,66,58.2,8.65,97,0.1,31959.26215,0.851,15.8,2,57.969484
89,Yes,66,57.6,8.98,97,0.1,31174.56118,0.846,15.6,2,57.685327
79.9,Yes,72,57,9.3,97,0.1,27387.2258,0.841,15.4,2,5.731323
80,Yes,72,56.4,9.25,96,0.1,22196.5736,0.836,15.2,2,0.057597
79.8,Yes,75,55.7,9.69,96,0.1,24.819,0.828,14.9,2,0.569741
79.4,Yes,77,55,9.78,97,0.1,251.2426,0.823,14.8,3,5.694218
75.8,No,133,53.5,3.83,93,0.5,4855.743789,0.727,12.8,1,0.286287
75.6,No,136,52.7,3.79,86,0.6,56.144952,0.727,12.8,1,0.285187
75.3,No,138,52,3.65,96,0.5,521.33363,0.725,12.8,1,0.284992
75.2,No,139,51.2,3.58,93,0.6,513.549487,0.722,12.8,1,2.829493
75,No,138,5.5,3.55,94,0.5,4682.728424,0.721,12.7,1,0.281721
74.7,No,142,49.7,3.33,9,0.6,4293.383274,0.721,12.7,1,0.028482
74.5,No,145,48.9,3.51,91,0.4,492.492378,0.718,12.6,1,0.279122
74.2,No,148,48.1,3.64,94,0.9,462.517913,0.714,12.5,1,2.775467
74,No,15,47.2,3.63,99,1.5,4313.1682,0.709,12.5,1,0.276279
73.5,No,161,46.3,3.59,99,1.9,482.24762,0.706,12.4,1,2.744673
73.3,No,165,45.4,3.67,97,2.3,3719.97351,0.689,11.1,1,2.728777
73.1,No,166,44.5,3.48,99,2.3,3465.221998,0.694,11.9,1,2.712511
73,No,167,43.5,3.76,99,2.3,3596.496282,0.69,11.7,1,2.695446
72.7,No,171,42.5,3.89,99,2.2,3394.878,0.68,10.9,1,0.267711
72.6,No,171,41.6,3.46,95,2.2,336.8742,0.682,11.4,1,2.656864
83.5,Yes,57,28.6,0.01,99,0.1,3896.21151,0.899,15.3,2,0.127276
83.5,Yes,56,28.2,7.55,99,0.1,4454.44746,0.894,15.3,2,0.127445
83.3,Yes,58,27.8,7.39,99,0.1,4863.47665,0.889,15.3,2,0.127629
82.5,Yes,64,27.4,7.39,96,0.1,48167.99727,0.884,15.1,3,0.127833
83,Yes,62,26.9,6.9,98,0.1,4457.67639,0.879,15.1,3,0.001287
83,Yes,64,26.4,7.09,99,0.1,4855.17564,0.881,15,3,0.012847
82.7,Yes,66,25.9,7.11,98,0.1,39339.29757,0.88,15,3,0.012863
82.6,Yes,67,25.4,7.29,97,0.1,35275.22843,0.877,15,3,0.001281
82.4,Yes,68,24.9,7.49,95,0.1,35433.98896,0.873,14.9,3,0.127854
82,Yes,69,24.4,7.99,95,0.1,37217.64873,0.87,14.9,3,0.127773
82.1,Yes,68,23.8,7.7,97,0.1,37688.72234,0.866,14.8,3,0.127761
81.9,Yes,7,23.4,7.83,97,0.1,3488.3992,0.863,14.8,3,0.127718
81.8,Yes,7,22.9,7.87,89,0.1,32289.3554,0.86,14.7,3,0.127445
81.5,Yes,72,22.5,8.03,81,0.1,33846.46564,0.856,14.6,4,0.127149
81.1,Yes,74,22.2,7.97,98,0.1,38532.488,0.852,14.5,4,0.126843
74,No,113,64.8,0.41,98,0.1,466.94775,0.737,13.1,4,0.088936
73.9,No,114,64,0.4,98,0.1,3992.86717,0.737,13.1,4,8.413464
73.7,No,115,63.2,0.41,98,0.1,387.753211,0.735,12.9,4,7.992573
73.6,No,116,62.4,0.43,98,0.1,387.324145,0.737,13.1,4,7.574943
73.4,No,117,61.7,0.51,98,0.1,3679.19275,0.739,13.2,4,0.718239
73.3,No,118,6.9,0.59,98,0.1,3492.1396,0.742,13.6,4,6.821116
73.1,No,119,6.1,0.61,98,0.1,3385.69665,0.739,13.6,4,6.489822
73,No,12,59.3,0.6,98,0.1,2762.86354,0.736,13.6,4,6.193191
72.8,No,121,58.6,0.59,98,0.1,2537.349,0.733,13.7,4,5.934232
72.4,No,127,57.8,0.55,95,0.1,223.83787,0.73,13.8,4,5.714111
72.5,No,125,57,0.54,95,0.1,261.456882,0.723,13.5,4,5.535595
72.3,No,127,56.3,0.54,97,0.1,1889.213962,0.717,13.2,4,5.396774
72.1,No,129,55.5,0.54,95,0.1,1812.288374,0.712,13,4,5.287488
71.9,No,131,54.8,0.55,97,0.1,1728.2659,0.706,12.7,4,5.193482
71.7,No,133,54,0.49,94,0.1,1657.889256,0.7,12.6,4,0.051313
69.9,No,22,52.3,6.29,95,0.1,1286.56511,0.789,15,5,17.289224
69.5,No,28,51.4,6.48,98,0.1,1389.8561,0.782,15,5,1.735275
69.1,No,214,5.6,6.82,98,0.1,12387.18982,0.774,14.7,6,16.791425
68.5,No,224,49.9,6.63,99,0.1,11634.42422,0.766,14.4,7,0.165566
67.8,No,236,49.2,6.83,98,0.1,97.649972,0.763,14.5,7,16.321581
67.8,No,235,48.5,6.64,99,0.1,7165.2775,0.758,14.6,7,0.169271
66.6,No,258,47.9,7.6,99,0.1,8513.564645,0.758,14.6,8,0.015674
65.3,No,288,47.3,7.44,94,0.1,6771.414797,0.754,14.7,8,15.484192
65,No,295,46.8,7.08,99,0.1,5291.57565,0.747,14.3,8,0.153884
64.6,No,294,46.3,6.94,99,0.1,3771.278957,0.737,13.9,8,1.514729
64.7,No,287,45.8,6.55,99,0.1,2874.288291,0.725,13.5,8,1.512985
64.4,No,282,45.3,6.58,99,0.1,268.123657,0.714,13.1,8,0.149918
64.7,No,276,44.8,5.99,95,0.1,1658.31146,0.7,12.7,8,14.858948
64.4,No,284,44.4,5.75,95,0.1,149.926751,0.685,12.3,8,14.858335
63.9,No,292,43.9,6,96,0.1,1229.958,0.676,12.1,9,14.883626
62.9,No,255,21.3,0.01,93,2.9,1335.6458,0.546,11.1,56,0.462425
62.6,No,258,2.7,1.84,94,3,1229.114798,0.541,11.1,58,44.826849
62.1,No,263,2.1,1.81,94,3,1155.2582,0.536,11.1,59,43.646629
61.2,No,278,19.5,1.8,97,3.4,987.4453967,0.53,11.1,60,42.486839
63,No,294,18.9,1.73,9,4.3,967.34773,0.523,11.1,61,4.135152
59.1,No,317,18.4,1.86,89,5,92.816252,0.514,10.7,62,0.423724
57.9,No,339,17.9,1.71,88,6.4,916.8992515,0.506,10.4,64,39.148416
56.8,No,356,17.3,1.97,76,9.1,839.181117,0.494,10.1,66,0.38859900000000003
55.3,No,388,16.9,1.76,77,10.3,697.66385,0.483,9.7,68,0.037525
54.1,No,412,16.4,1.82,7,11.6,519.7999346,0.474,9.6,70,3.648288
53,No,432,15.9,1.43,73,13.2,458.8843551,0.461,8.9,72,3.574931
52.4,No,437,15.5,1.49,75,14.5,436.6875357,0.45,8.2,74,3.413852
52.1,No,437,15.1,1.66,83,15.7,395.8493511,0.451,8.5,76,0.332149
51.9,No,434,14.7,1.63,77,16.9,41.7763612,0.447,8.4,77,32.321482
51.9,No,428,14.4,1.51,8,18.1,43.9797132,0.448,8.4,77,3.145483
66.1,No,2,77.1,0.01,79,0.1,1684.54274,0.597,11.9,0,0.011458
65.8,No,22,76.7,0.01,91,0.1,1724.361737,0.589,11.9,0,0.018535
65.7,No,24,76.2,0.01,92,0.1,1763.815497,0.581,11.9,0,0.016613
65.5,No,26,75.7,0.53,95,0.1,1692.613277,0.585,11.9,0,0.014656
65.3,No,27,75.2,0.48,95,0.1,1493.1651,0.584,11.9,0,0.012652
65.2,No,28,74.6,0.54,84,0.1,1297.285141,0.576,11.9,0,0.001568
65.1,No,21,74.1,0.46,74,0.1,1413.3234,0.572,11.6,0,0.009844
65,No,211,73.4,0.68,93,0.1,1357.632211,0.574,11.8,0,0.096311
65,No,212,72.8,0.76,86,0.1,1151.555618,0.576,12.1,0,0.009426
64.9,No,213,72.1,0.6,74,0.1,1214.556667,0,12.2,0,0.092325
64.8,No,214,71.4,0.48,61,0.1,113.6286,0,12.4,0,0.009542
64.7,No,215,7.6,0.5,79,0.1,115.3865,0,11.6,0,0.088895
64.6,No,217,69.7,0.49,96,0.1,826.58554,0,11.7,0,0.087343
64.3,No,219,68.8,0.6,88,0.1,734.9492461,0,10.4,0,0.085858
64.1,No,222,67.9,0.46,9,0.1,796.7937634,0,10,0,0.008446
74.4,Yes,156,6.7,0.01,92,0.1,15725.1374,0.822,16,0,1.993782
74.1,Yes,161,6.2,10.37,94,0.1,1532.22924,0.814,15.4,0,0.212647
73.8,Yes,163,59.8,10.21,91,0.1,13822.8559,0.812,15.5,0,0.234319
73.6,Yes,169,59.4,10.14,92,0.1,1372.68947,0.81,15.8,0,0.025979
72.8,Yes,18,58.9,9.8,92,0.1,11326.21947,0.815,16,0,0.297555
72.6,Yes,184,58.5,9.85,94,0.1,12219.37379,0.821,16.4,0,2.141669
71.9,Yes,199,58.1,11.84,94,0.1,16348.53121,0.819,16.3,0,2.177322
78,Yes,221,57.7,12.12,94,0.1,1444.1589,0.814,16.2,0,0.022325
75,Yes,229,57.4,10.4,96,0.1,9667.9757,0.807,16.2,0,2.218357
76,Yes,216,57,9.92,99,0.1,7558.7426,0.791,15.9,0,2.238799
71,Yes,26,56.6,8.81,99,0.1,6351.8125,0.776,15.5,0,2.263122
78,Yes,29,56.3,8.24,98,0.1,5134.95694,0.761,15.2,0,2.287955
73,Yes,219,56,7.44,98,0.1,4132.34927,0.746,14.8,0,0.231173
69.9,Yes,228,55.7,6.68,97,0.1,3572.8513,0.728,14.2,0,0.233717
71,Yes,218,55.4,7.13,96,0.1,3352.731296,0.716,13.7,0,0.236755
74.8,No,99,65.4,1.32,75,0.1,8161.4614,0.763,13.3,1,0.563279
74.9,No,97,64.9,1.29,75,0.1,846.285153,0.766,13.3,1,0.527612
75,No,93,64.4,1.53,75,0.1,8787.94668,0.763,13.3,1,0.491644
75,No,93,64,1.57,75,0.1,8734.9653,0.758,13.2,1,4.588368
74.9,No,94,63.5,1.58,75,0.1,8763.826274,0.752,13.3,1,4.337141
74.7,No,95,63,1.62,75,0.1,84.268878,0.746,13.2,1,4.183156
74.5,No,98,62.5,1.67,75,0.1,712.775759,0.74,13.1,1,0.411147
74.4,No,98,61.9,1.72,75,0.1,614.271115,0.731,12.9,1,0.486466
74.1,No,1,61.4,1.82,75,0.1,5372.65899,0.733,13.2,1,0.045735
73.9,No,11,6.8,1.94,74,0.1,5339.441291,0,13.7,1,3.986852
73.7,No,13,6.2,2.1,74,0.1,5424.22356,0,14.2,1,3.863267
73.5,No,15,59.7,2.19,74,0.1,5425.6697,0,14.8,1,0.371464
73.2,No,17,59.1,1.98,77,0.1,5436.595223,0,15.2,1,3.522837
73,No,11,58.6,2.19,8,0.1,5253.122599,0,15,1,3.359859
72.7,No,112,57.9,2.26,83,0.1,5334.93329,0,14.9,1,3.235366
52.1,No,522,32,0.01,9,9.4,1174.839214,0.491,10.8,4,2.145785
52.1,No,518,31.4,0.01,9,9.6,1196.1335,0.484,11.1,4,2.117361
52.2,No,513,3.8,0.01,93,9,1281.516,0.479,11,4,0.289928
52.3,No,52,3.2,2.39,95,10.5,1352.38433,0.469,11,4,0.264166
51.1,No,527,29.7,2.71,92,13.4,1173.26212,0.464,10.9,4,0.024551
49.4,No,566,29.2,2.75,89,18.2,923.136931,0.453,10.8,4,0.021929
47.8,No,592,28.8,2.75,86,27.3,934.428563,0.447,10.7,5,0.199993
46.2,No,633,28.3,2.69,87,30,918.432717,0.44,10.6,4,1.982287
45.3,No,654,27.9,2.61,88,34.1,915.775754,0.437,10.7,5,1.965662
44.5,No,675,27.4,2.67,88,34.8,862.9463118,0.437,10.7,5,1.949543
44.8,No,666,26.9,1.8,89,34.6,781.5145936,0.439,10.7,5,1.933728
45.5,No,648,26.4,1.99,9,33.8,63.636279,0.44,10.5,5,0.191897
46.4,No,622,25.9,2.95,84,32.5,47.89395,0.446,10.4,5,0.192312
47.8,No,586,25.4,2.86,78,31.2,437.819184,0.443,10.3,5,1.885955
49.3,No,543,24.9,3.1,82,29.8,474.8197876,0.445,9.6,5,1.868699
58.1,No,329,26.7,0.01,49,0.9,458.4651734,0.426,9.9,8,0.439737
61.1,No,258,26.1,0.01,75,1.1,454.1222236,0.419,9.8,9,4.286291
67,No,261,25.6,0.01,8,1.2,415.361958,0.416,9.6,9,4.181563
62,No,266,25,3.72,77,1.5,379.689583,0.406,9.5,9,0.047167
59.7,No,272,24.5,3.64,71,1.8,327.42597,0.403,9.6,9,3.948125
59.2,No,277,24,3.75,84,2.1,33.667491,0.4,9.7,10,3.811528
58.6,No,281,23.4,3.88,79,2.4,232.61732,0.394,9.8,10,3.662993
57.9,No,286,22.9,4.03,67,2.8,21.3733292,0.383,9.9,10,3.512932
56.7,No,32,22.4,4.05,66,3,178.92799,0.377,10,11,3.375838
55.3,No,316,22,4.19,66,3.1,168.648254,0.372,10.1,12,0.326123
54,No,329,21.5,4.24,47,3.2,149.4452549,0.335,10.2,12,3.176414
50,No,42,21.1,4.21,49,3.2,133.494518,0.373,10.3,13,3.116233
56,No,371,2.7,4.27,51,3.1,177.285187,0.376,10.4,13,0.362863
51.5,No,333,2.4,4.4,54,3.1,174.1815473,0.386,10.5,14,2.991132
51.9,No,39,2.2,4.46,56,3.1,183.4149991,0.338,8.7,14,2.884522
73.4,Yes,169,61.9,15.19,93,0.1,16554.97139,0.841,16.5,0,2.932367
73,Yes,178,61.4,15.04,93,0.1,15712.82376,0.834,16.4,0,2.957689
73,Yes,176,6.9,15.14,93,0.1,14341.836,0.83,16.5,0,2.987773
72.8,Yes,18,6.5,12.66,92,0.1,14357.73679,0.826,16.7,0,0.328115
72.4,Yes,188,6,12.9,95,0.1,11984.86857,0.824,16.8,0,0.397282
72.2,Yes,192,59.7,12.4,98,0.1,11837.3913,0.825,16.6,0,3.162916
71.1,Yes,224,59.3,13.3,96,0.1,14961.56818,0.82,16.5,0,3.198231
72,Yes,24,59,13.4,95,0.1,12297.91535,0.812,16.4,0,3.231294
76,Yes,229,58.7,12.7,94,0.1,924.642548,0.807,16.4,0,0.326999
78,Yes,222,58.4,12.3,93,0.1,7863.1629,0.798,16.2,0,3.322528
71.6,Yes,24,58.1,12.1,9,0.1,676.966998,0.792,16.3,0,0.337775
71.6,Yes,22,57.8,11.29,91,0.1,555.535669,0.78,15.8,0,3.415213
71.4,Yes,22,57.5,11,97,0.1,4146.987928,0.77,15.3,0,0.344367
71.2,Yes,21,57.2,10.2,97,0.1,353.147337,0.757,14.7,0,0.347818
71.6,Yes,2,56.9,9.87,92,0.1,3297.35471,0.745,14,0,3.499536
81.7,Yes,65,6.9,11.12,99,0.1,119172.7418,0.892,13.9,0,0.556319
81.4,Yes,68,6.5,11.02,99,0.1,113751.85,0.892,13.9,0,0.054336
81.1,Yes,7,6.1,11.34,99,0.1,16749.136,0.892,13.9,0,0.053946
88,Yes,72,59.6,11.5,96,0.1,115761.577,0.894,13.9,0,0.518347
86,Yes,73,59.2,11.36,96,0.1,14965.361,0.884,13.7,0,0.056953
83,Yes,76,58.8,11.42,96,0.1,13198.6693,0.888,13.5,0,0.497783
80,Yes,8,58.4,11.53,96,0.1,114293.8433,0.887,13.5,0,0.048865
79.7,Yes,82,57.9,11.75,96,0.1,1618.4928,0.877,13.5,0,0.479993
79.4,Yes,85,57.5,11.98,99,0.1,89739.7117,0.88,13.5,0,0.472637
78.8,Yes,9,57,11.84,99,0.1,8289.69641,0.874,13.5,0,0.465158
78.7,Yes,92,56.4,12.42,99,0.1,75716.3518,0.867,13.5,0,0.045895
78.6,Yes,92,55.8,12.61,99,0.1,65445.8853,0.865,13.6,0,0.045163
78.3,Yes,95,55.2,12.91,99,0.1,5293.64115,0.86,13.5,0,0.446175
78,Yes,96,54.6,12.89,99,0.1,48179.4285,0.854,13.4,0,0.441525
77.8,Yes,98,54,13.14,99,0.1,48735.99549,0.848,13.5,0,0.004363
65.1,No,225,2,0.01,73,0.3,452.4631926,0.509,10.3,29,2.358981
64.7,No,23,19.5,0.87,73,0.4,461.723722,0.508,10.3,29,22.961146
64.3,No,235,19,0.87,71,0.4,443.9611,0.506,10.2,30,22.346573
63.8,No,241,18.5,0.97,73,0.4,454.963464,0.504,10.2,31,21.743949
63.3,No,248,18,1.03,7,0.5,412.739341,0.503,10.2,32,2.115164
62.8,No,254,17.6,0.91,76,0.5,415.6893226,0.5,9.7,33,2.569121
62.3,No,259,17.1,0.68,77,0.5,47.733254,0.491,9.4,34,19.996469
61.9,No,261,16.7,0.71,83,0.6,377.8482928,0.483,9.1,35,19.433523
61.4,No,263,16.3,0.68,83,0.6,292.157443,0.478,9,36,1.888268
69,No,265,15.8,0.72,8,0.6,274.819723,0.473,8.9,37,18.336724
64,No,267,15.4,0.81,74,0.6,245.1235876,0.466,8.7,38,1.782997
59.9,No,268,15,0.93,65,0.7,316.7998965,0.457,8.5,40,17.279141
59.3,No,271,14.7,0.9,61,0.7,262.2859481,0.462,8.3,41,16.765117
58.7,No,276,14.3,1.05,6,0.7,278.555732,0.456,8.2,42,1.626932
57.9,No,283,13.9,1.16,58,0.6,245.939659,0,8,44,1.576686
57.6,No,377,19.2,0.01,87,5.1,354.7253961,0.466,10.7,27,1.768838
56.7,No,394,18.8,0.01,89,6.3,332.922339,0.459,10.7,29,16.577147
55.3,No,42,18.4,0.01,95,8.3,374.51882,0.454,10.7,31,0.169735
54.1,No,441,18,1.23,97,11.2,512.125451,0.444,10.6,32,15.627618
52.9,No,462,17.6,1.08,86,13.7,458.8681744,0.43,10.2,35,1.516795
51.5,No,491,17.3,1.16,93,14.9,42.7379657,0.415,9.9,36,1.471462
50,No,525,16.9,1.27,92,16.9,372.842678,0.4,9.6,36,14.271234
48.5,No,559,16.6,1.18,88,19.3,32.2227274,0.387,9.7,37,1.384969
47.1,No,587,16.2,1.18,99,21.1,297.6971211,0.377,9.6,38,13.429262
46,No,66,15.9,1.04,94,22.4,28.3673842,0.371,9.7,39,1.339711
45.1,No,615,15.5,1.11,94,23.4,274.2256294,0.366,10,40,1.267638
44.6,No,613,15.2,1.08,85,24.2,26.152517,0.362,10.3,43,12.336687
44,No,67,14.8,1.1,79,24.7,29.9798977,0.388,10.4,46,1.213711
43.5,No,599,14.4,1.15,86,25.1,146.7615397,0.387,10.1,48,11.695863
43.1,No,588,14.1,1.18,73,25.5,153.2594872,0.391,10.7,51,11.376172
74.8,No,126,39.5,0.52,97,0.1,11183.96191,0.783,13,4,0.322817
74.6,No,128,38.5,0.53,97,0.1,1882.27842,0.779,12.9,3,2.976724
74.5,No,129,37.4,0.53,97,0.1,1779.49641,0.776,12.9,3,2.917456
74.3,No,13,36.3,0.51,96,0.1,145.1262,0.774,13,3,28.635128
74.1,No,131,35.3,0.49,96,0.1,971.356987,0.764,12.8,3,28.112289
74,No,131,34.4,0.47,97,0.1,7326.744435,0.756,12.6,3,2.765383
73.8,No,132,33.4,0.47,97,0.1,8513.629541,0.747,12.5,3,2.711169
73.7,No,133,32.5,0.43,97,0.1,7269.17114,0.736,12.3,3,26.625845
73.6,No,134,31.6,0.42,95,0.1,6222.982955,0.732,12.7,3,26.143566
73.4,No,135,3.7,0.46,96,0.1,5593.822995,0.734,12.9,3,25.659393
73.2,No,137,29.8,0.49,95,0.1,4955.477743,0.731,12.7,3,2.517419
73.1,No,138,28.8,0.48,96,0.1,4463.675893,0.724,12.1,3,2.468873
72.9,No,14,27.9,0.49,94,0.1,4167.364387,0.723,12,4,24.198811
72.7,No,144,27,0.53,95,0.1,3915.11546,0.725,11.9,4,2.369897
72.4,No,149,26,0.54,98,0.1,445.17471,0.715,11.6,4,2.318568
78.2,No,62,26.2,0.01,99,0.1,7716.2415,0.693,12.7,0,4.1e-5
77.9,No,64,25.1,0.01,99,0.1,7112.33575,0.683,12.4,0,3.93e-4
77.6,No,65,24.1,0.01,99,0.1,6541.7465,0.675,12.1,0,3.85e-4
77.3,No,67,23.1,1.92,96,0.1,6497.55443,0.663,11.8,0,3.77e-4
76.7,No,73,22.1,1.83,97,0.1,633.79498,0.653,11.6,0,3.67e-4
76.3,No,75,21.2,1.59,98,0.1,597.1659,0.651,11.8,0,3.6e-5
75.9,No,81,2.3,1.76,98,0.1,5828.621374,0.641,11.8,0,3.62e-4
75.4,No,82,19.5,1.78,98,0.1,52.862285,0.632,11.9,0,3.49e-4
75,No,88,18.7,1.62,98,0.1,4428.522898,0.622,12,0,3.33e-4
74.3,No,93,18,1.47,98,0.1,3488.493769,0.625,12.1,0,3.21e-4
73.4,No,16,17.3,1.6,96,0.1,3853.33348,0.617,12.2,0,3.12e-4
72.7,No,112,16.7,1.75,98,0.1,3432.247841,0.601,11.8,0,3.4e-5
71.8,No,124,16.2,1.95,98,0.1,32.37239,0.597,12,0,2.97e-4
78,No,129,15.6,1.98,97,0.1,298.67598,0.587,11.8,0,2.92e-4
69.6,No,139,15.2,1.83,98,0.1,2182.99711,0.577,11.3,0,2.86e-4
57.8,No,272,23.2,0.01,74,1.6,825.5729915,0.43,8.2,52,16.962846
57.3,No,275,22.5,0.01,7,1.6,777.659139,0.421,8,53,16.477818
57.2,No,27,21.9,0.01,72,1.5,777.3476868,0.411,7.7,53,0.016667
56.8,No,271,21.3,0.61,72,1.5,835.88998,0.404,7.5,54,1.554989
56.5,No,273,2.7,0.6,77,1.5,78.377632,0.396,7.3,54,0.157585
56,No,276,2.2,0.59,77,1.6,697.153124,0.385,7.1,55,1.466597
55.5,No,278,19.6,0.57,74,1.6,689.6784228,0.36,5.8,55,14.138216
55,No,282,19,0.55,76,1.7,595.6368319,0.363,6.4,56,1.367566
54.3,No,288,18.5,0.53,79,1.8,521.6425796,0.35,6.1,57,1.322764
53.6,No,29,18,0.55,78,1.9,487.942556,0.338,5.8,57,12.798763
52.8,No,296,17.5,0.49,7,2,439.3572924,0.333,5.5,58,1.239196
52,No,299,17,0.54,67,2.2,391.791281,0.318,5.2,59,0.125128
51.2,No,31,16.5,0.53,65,2.3,334.22416,0.308,4.9,60,11.638929
55,No,34,16.1,0.51,56,2.4,36.8473237,0.297,4.6,60,11.293258
49.8,No,37,15.6,0.47,53,2.5,269.3483829,0.291,4.4,60,0.196769
81.4,Yes,55,69.2,8.49,99,0.1,2618.92599,0.847,14.3,0,0.427364
81.1,Yes,57,68.8,8.58,99,0.1,2393.1888,0.828,14.2,0,0.423374
81,Yes,58,68.4,7.67,99,0.1,2193.8836,0.821,14.1,0,0.419455
87,Yes,59,68,6.91,96,0.1,22821.847,0.826,14.8,0,0.416268
83,Yes,62,67.6,7.91,76,0.1,2187.79469,0.819,14.6,0,0.041458
82,Yes,63,67.1,7.38,73,0.1,2675.58259,0.815,14.4,0,0.412477
80,Yes,64,66.6,7.14,72,0.1,21928.767,0.813,14.6,0,0.049379
79.6,Yes,65,66.1,7.45,76,0.1,19375.5696,0.808,14.4,0,0.046724
79.3,Yes,66,65.6,8.84,83,0.1,16671.5672,0.809,14.8,0,0.004538
79,Yes,67,65,6.41,94,0.1,15835.34667,0.805,14.8,0,0.043834
78.7,Yes,69,64.5,6.53,89,0.1,1519.5497,0.797,14.2,0,0.041268
78.5,Yes,71,63.9,6.7,94,0.1,13689.98999,0.79,13.8,0,0.398582
78.2,Yes,75,63.4,5.73,95,0.1,11843.9392,0.786,13.8,0,0.395969
77.8,Yes,79,62.8,5.62,95,0.1,1121.78636,0.783,13.7,0,0.039328
77.5,Yes,8,62.3,5.59,94,0.1,1139.5651,0.779,13.8,0,0.003987
63,No,26,3.1,0.01,84,0.9,1326.66882,0.509,8.5,8,0.046392
62.7,No,28,29.4,0.01,8,1.1,145.57838,0.501,8.2,8,0.394617
62.5,No,29,28.8,0.01,8,1.2,1364.283745,0.491,7.8,8,0.383239
62.2,No,212,28.1,0.01,73,1.2,1393.261593,0.487,7.7,8,3.717672
62,No,214,27.4,0.01,52,1.2,123.383675,0.484,7.6,8,0.369543
61.7,No,215,26.8,0.01,63,1.2,146.83851,0.476,7.1,8,0.356288
61.4,No,217,26.1,0.02,73,1.3,1167.535689,0.475,7.2,8,0.347541
61.2,No,219,25.5,0.02,75,1.3,113.3128,0.475,7.4,8,3.312665
69,No,221,24.8,0.01,68,1.3,944.134851,0.466,7.2,8,0.322653
66,No,223,24.2,0.01,71,1.3,697.7451989,0.461,7.2,8,0.031372
64,No,224,23.6,0.01,68,1.3,62.547286,0.451,6.7,8,0.342823
63,No,226,22.9,0.01,75,1.3,528.58661300000006,0.447,6.6,8,2.957117
62,No,228,22.3,0.02,91,1.2,46.9542322,0.446,6.5,7,2.873228
61,No,229,21.7,0.01,75,1.2,464.229758,0.444,6.5,7,0.279729
60,No,23,21.1,0.03,58,1.1,477.476124,0.443,6.4,7,0.279359
74.2,No,148,32.8,0.01,98,0.1,1153.93822,0.769,14.7,0,0.126934
74.1,No,147,32.3,0.01,98,0.1,9637.265,0.765,14.7,0,1.258653
73.9,No,154,31.8,0.01,98,0.1,9291.227619,0.756,14.3,0,1.255882
73.6,No,158,31.3,3.03,98,0.1,9197.26972,0.748,14.1,0,0.125244
73.3,No,163,3.7,2.95,99,0.2,8.376432,0.74,14,0,0.001254
72.8,No,166,3.2,2.83,99,0.1,7318.12641,0.734,13.8,0,1.247429
72.7,No,166,29.7,2.49,99,0.1,83.635,0.728,13.6,0,1.244121
72.9,No,161,29.1,3.24,96,0.1,6574.654338,0.72,13.5,0,0.123963
71.8,No,165,28.6,3.73,98,0.1,5695.969327,0.713,13.4,0,1.233996
72.1,No,168,28,3.94,97,0.1,5116.45424,0.704,13,0,1.228254
71.9,No,168,27.5,4.16,98,0.1,5229.876738,0.696,12.8,0,0.012213
71.5,No,174,26.9,4.08,99,0.1,4623.347642,0.687,12.6,0,0.121337
71.5,No,179,26.4,4.14,88,0.1,3957.51296,0.683,12.5,0,0.124621
71.5,No,177,25.8,4.38,93,0.1,3792.182152,0.673,12.2,0,1.196287
71,No,177,25.3,4.6,88,0.1,3861.32414,0.667,12.1,0,1.186873
76.6,No,122,62.8,5.26,87,0.1,1452.27766,0.754,13.1,31,1.242216
76.6,No,12,62.1,5.23,83,0.1,1298.86766,0.753,12.9,32,122.535969
76.3,No,123,61.5,5.29,99,0.1,982.532572,0.748,12.7,33,1.282837
76.1,No,124,6.8,5.3,97,0.1,9834.472689,0.745,12.6,34,0.119917
75.6,No,127,6.1,5.21,95,0.1,8959.581416,0.739,12.5,35,117.318941
75.7,No,13,59.4,5.27,95,0.1,7748.12331,0.738,12.5,36,11.555228
75.6,No,127,58.7,5.36,96,0.1,9689.52887,0.735,12.3,37,11.366189
76,No,123,57.9,5.35,98,0.1,933.341687,0.731,12.3,38,111.836346
75.8,No,125,57.2,5.11,98,0.1,8767.92258,0.723,12.2,40,1.192378
75.3,No,126,56.4,4.93,98,0.1,7986.798439,0.719,12.2,42,18.472228
75.4,No,124,55.7,4.9,98,0.1,7199.59665,0.714,12.1,44,16.995583
75,No,127,54.9,4.88,98,0.1,6751.998987,0.708,11.9,46,1.564453
75,No,127,54.1,4.77,98,0.1,716.8219,0.703,11.6,49,1.435568
75,No,126,53.2,4.86,97,0.1,731.378864,0.7,11.6,52,0.136768
74.8,No,129,52.4,4.99,97,0.1,672.92113,0.694,11.4,55,11.719673
68.4,No,225,51.5,0.01,99,0.1,4181.583321,0.729,14.8,1,2.923896
68.1,No,227,5.4,0.01,98,0.1,4385.379355,0.72,14.7,1,0.286917
67.8,No,231,49.2,0.01,99,0.1,4368.82248,0.712,14.7,1,2.814226
67.3,No,235,48,0.01,99,0.1,3769.595255,0.701,14.6,1,2.761516
66.3,No,25,46.9,5.8,96,0.1,265.353659,0.693,14.3,1,0.271265
66.9,No,235,45.9,4.61,96,0.1,1717.898761,0.686,13.8,1,2.668289
67.4,No,225,44.9,4.26,95,0.1,2139.625631,0.673,13.4,2,2.628131
65.9,No,26,43.9,3.79,99,0.1,1634.81431,0.661,13,2,0.259167
65,No,271,43,2.91,98,0.1,1334.651896,0.649,12.7,2,0.255812
64.5,No,274,42.1,2.75,99,0.1,998.8226671,0.637,11.8,2,2.526446
64,No,284,41.3,1.75,99,0.1,797.8377432,0.621,11.2,2,2.496832
64,No,271,4.5,1.31,98,0.1,646.561295,0.609,10.5,2,2.469286
63.8,No,263,39.8,2.43,98,0.1,571.51883,0.599,10.1,2,2.443659
63.2,No,266,39.1,2.87,95,0.1,524.145924,0.588,9.4,2,2.419776
62.8,No,274,38.5,2.79,94,0.1,474.2133361,0.582,8.9,2,2.397436
75.9,No,17,61.3,0.01,91,0.1,7378.345289,0.803,15.1,0,0.062181
75.8,No,19,6.7,0.01,94,0.1,7186.429787,0.799,15.1,0,0.062127
75.6,No,11,6.2,0.01,94,0.1,6586.71929,0.797,15.1,0,0.006261
75.4,No,113,59.7,6.56,95,0.1,7318.742449,0.792,15.1,0,0.006279
75.3,No,115,59.1,6.56,93,0.1,6682.281158,0.787,15,0,0.619428
75,No,117,58.5,6.45,91,0.1,6698.79439,0.785,14.6,0,0.618294
74.6,No,121,57.8,6.17,95,0.1,7325.73474,0.774,14.2,0,0.616969
74.2,No,125,57.2,4.98,92,0.1,5957.145693,0.762,13.6,0,0.615875
73.8,No,13,56.5,5.38,9,0.1,4383.59597,0.751,13.2,0,0.061525
74.1,No,96,57.5,0.43,99,0.1,3154.513484,0.64,12.1,18,3.431882
73.9,No,97,56.5,0.45,99,0.1,3111.762887,0.634,12.1,18,33.824769
73.6,No,99,55.5,0.55,99,0.1,294.746728,0.623,11.6,19,33.333789
73.3,No,14,54.6,0.54,98,0.1,339.91616,0.612,11.2,19,32.858823
72.8,No,11,53.6,0.56,99,0.1,2834.2472,0.603,10.7,20,3.249639
72.3,No,116,52.7,0.62,99,0.1,2861.5545,0.596,10.5,20,31.989897
71.8,No,123,51.7,0.51,99,0.1,2884.94776,0.589,10.3,21,31.596855
71.4,No,128,5.8,0.56,95,0.1,2494.353552,0.581,10,21,31.225881
71,No,133,49.9,0.58,97,0.1,2191.478567,0.575,10,22,3.869346
77,No,137,49.1,0.47,98,0.1,213.755559,0.569,9.8,22,0.035217
72,No,142,48.2,0.56,97,0.1,1948.812275,0.561,9.6,23,3.179285
69.9,No,146,47.3,0.58,91,0.1,1721.973863,0.551,9.3,24,29.843937
69.5,No,15,46.5,0.46,94,0.1,1413.757176,0.54,8.8,25,29.512368
69,No,155,45.7,0.46,93,0.1,1336.775376,0.53,8.5,26,29.181832
68.6,No,16,44.8,0.45,95,0.1,1332.382358,0.519,8,27,28.849621
56.7,No,375,22.2,0.01,79,4.1,623.2871141,0.409,9.1,61,27.212382
55.3,No,46,21.8,1.16,78,5.1,65.985681,0.405,9.1,62,26.434372
54.8,No,48,21.3,1.19,73,6.9,566.513873,0.4,9.2,64,2.567666
54.3,No,47,2.9,0.94,73,9.6,526.5313517,0.397,9.5,66,0.249395
54,No,47,2.5,0.96,73,10.8,419.2258149,0.39,9.3,69,2.422145
53.8,No,4,2.1,1.18,74,11.3,463.852618,0.382,9.2,70,2.352463
53.2,No,45,19.7,1.48,74,12.6,53.127719,0.372,8.8,72,22.846758
52.1,No,425,19.3,1.03,75,14.1,422.1461573,0.36,8.2,74,22.188387
51.2,No,434,18.9,1.2,73,16.3,385.7567141,0.353,7.9,78,21.547463
58,No,434,18.5,1.23,71,16.2,369.1545359,0.341,7.3,80,0.029237
54,No,429,18.1,1.54,69,15.9,336.3318145,0.332,7,82,0.231275
51,No,424,17.7,1.68,67,15.3,283.8911588,0.318,6.7,85,19.716598
49.8,No,416,17.3,2.16,76,14.5,262.884551,0.311,6.2,87,19.139658
49.5,No,48,16.9,2.09,72,13.4,256.4414872,0.298,5.8,90,18.588758
49,No,43,16.5,1.14,69,12.2,277.6486591,0.291,5.4,93,1.867687
66.4,No,21,22.9,0.01,88,0.3,1262.893782,0.547,9.1,40,51.924182
66.2,No,22,22.1,0.7,76,0.4,1168.83947,0.54,9.1,42,51.448196
65.9,No,25,21.3,0.55,87,0.5,1171.58257,0.533,9.1,44,5.986514
65.6,No,27,2.5,0.33,9,0.5,1186.423937,0.526,9.1,47,0.555331
65.4,No,29,19.8,0.3,9,0.5,987.7365832,0.515,8.8,49,5.155896
65.2,No,211,19.1,0.28,9,0.6,741.777116,0.504,8.5,52,0.049869
59.2,No,296,18.3,0.3,85,0.6,643.951373,0.493,8.2,59,49.479752
64.5,No,217,17.6,0.26,84,0.6,41.451,0.484,8.1,58,49.171586
64.2,No,22,17,0.28,82,0.6,296.97284,0.474,8,61,48.846474
63.9,No,224,16.4,0.28,86,0.5,247.24276,0.465,7.9,64,48.482614
63.5,No,228,15.7,0.44,92,0.5,219.8156688,0.455,7.8,66,0.487377
63.2,No,231,15.2,0.4,86,0.5,219.782326,0.445,7.7,69,47.624894
62.8,No,235,14.6,0.41,84,0.4,143.77651,0.435,7.6,71,0.471422
62.5,No,239,14.1,0.38,77,0.4,138.9249275,0.427,7.6,72,46.627994
62.1,No,243,13.6,0.35,88,0.4,193.187484,0.417,7.5,73,4.695462
65.9,No,242,34.9,0.01,88,2.2,5421.343953,0.632,11.7,2,0.237992
66.1,No,232,34.1,0.01,89,2.5,5488.131712,0.625,11.6,3,0.231652
65.8,No,232,33.3,0.01,84,3.7,5749.44752,0.619,11.5,3,2.263934
64.3,No,268,32.5,7.84,85,4.7,56.971392,0.612,11.5,3,2.215621
63,No,299,31.8,7.58,83,6.2,5191.58381,0.604,11.4,3,0.217317
62.4,No,36,31,7.99,83,8.7,4153.497885,0.598,11.4,3,0.021374
61.7,No,317,3.2,6.28,83,11.7,429.6561,0.589,11.3,3,0.216375
60,No,356,29.4,5.12,81,15.2,422.51968,0.578,11.3,3,0.279915
57,No,431,28.7,4.94,74,19.2,3881.29535,0.57,11.4,3,0.255734
55.1,No,477,27.9,4.89,86,22.1,3573.146387,0.565,11.6,3,0.232196
54.7,No,483,27.2,4.8,81,24,3288.257373,0.559,11.7,3,0.029228
55,No,471,26.5,5.28,82,24.7,2482.36862,0.554,11.7,3,1.986535
55.7,No,452,25.8,5.09,78,24.6,1713.47594,0.556,11.8,3,1.962147
56.5,No,426,25.1,5.09,79,23.9,1834.29486,0.556,11.7,3,1.933596
57.4,No,41,24.5,5.73,8,22.8,257.99557,0.559,11.5,3,1.899257
69.6,No,158,18.5,0.01,92,0.1,76.2386977,0.551,12.4,18,28.323241
69.3,No,162,18,0.27,92,0.1,688.6172788,0.545,12.3,19,2.798531
68.9,No,167,17.4,0.26,9,0.2,681.7925868,0.538,12.3,20,27.649925
68.4,No,172,16.9,0.27,92,0.2,692.1166842,0.529,12,22,27.327147
68,No,178,16.4,0.24,83,0.2,592.1835216,0.515,11.1,23,2.723137
67.5,No,183,15.9,0.22,93,0.2,48.7299,0.502,10.5,25,2.674113
67,No,189,15.4,0.21,82,0.2,473.844449,0.492,10.1,27,26.475859
66.6,No,194,14.9,0.2,82,0.2,393.8843518,0.486,10,29,26.214847
66,No,21,14.4,0.2,91,0.2,348.6314534,0.476,9.6,31,2.594618
65.4,No,28,13.9,0.2,78,0.2,317.89198,0.469,9.4,33,2.564287
64.7,No,218,13.4,0.21,8,0.2,287.4156,0.463,9.3,35,2.539449
64.3,No,22,12.9,0.2,76,0.1,253.72412,0.457,9.2,38,2.495623
63.1,No,238,12.4,0.19,72,0.1,246.375621,0.447,8.6,40,24.566342
63.2,No,23,11.9,0.09,73,0.1,248.6183539,0.446,9,43,24.161777
62.5,No,238,11.4,0.08,74,0.1,231.42554,0.439,8.9,46,2.374911
81.7,Yes,58,61.6,0.01,96,0.1,52157.4687,0.923,18.1,1,0.168658
81.4,Yes,6,61,8.68,97,0.1,51574.48942,0.922,18.1,1,1.684432
81.1,Yes,62,6.5,9.05,97,0.1,49474.7561,0.921,18.1,1,16.754962
81.1,Yes,63,59.9,8.96,97,0.1,5354.6536,0.911,17.2,1,1.669374
88,Yes,64,59.3,9.33,97,0.1,5338.25483,0.906,17,1,16.615394
86,Yes,65,58.6,9.23,97,0.1,519.349,0.906,16.9,1,1.653388
83,Yes,68,57.9,9.62,97,0.1,56928.8248,0.905,16.8,1,16.445593
82,Yes,68,57.3,9.53,97,0.1,51241.31562,0.899,16.6,1,16.381696
79.8,Yes,71,56.5,9.79,96,0.1,44453.97119,0.893,16.5,1,1.634611
79.4,Yes,72,55.8,9.69,96,0.1,41577.169,0.888,16.4,1,16.319868
79.2,Yes,77,55,9.56,98,0.1,39954.64222,0.885,16.5,1,16.281779
78.7,Yes,8,54.2,9.56,98,0.1,35245.1647,0.881,16.5,1,1.622532
78.4,Yes,81,53.4,9.68,97,0.1,28817.32321,0.882,16.9,1,16.148929
78.3,Yes,82,52.6,9.95,97,0.1,26584.12169,0.878,16.7,1,0.164618
78.1,Yes,84,51.8,10.06,97,0.1,25921.12794,0.873,16.5,1,15.925513
74.5,No,148,53.2,3.55,99,0.1,1975.46477,0.636,11.6,2,0.613997
73.9,No,157,52.4,3.58,99,0.1,1847.19849,0.63,11.5,2,5.945747
73.9,No,157,51.7,3.63,99,0.1,1792.3845,0.625,11.5,2,0.587718
74.5,No,147,5.9,3.39,99,0.1,1682.957924,0.62,11.5,3,0.058782
73.2,No,154,5.2,3.38,99,0.1,1526.497938,0.614,11.4,3,5.737723
73.2,No,163,49.4,3.36,99,0.2,1464.497754,0.613,11.3,3,5.666581
72.5,No,169,48.6,3.64,97,0.2,1518.85386,0.607,11.1,3,0.559456
72.5,No,173,47.9,3.83,93,0.2,1344.31871,0.601,11,3,0.552216
73,No,17,47.1,3.69,88,0.3,124.992617,0.597,11,3,0.545211
71.2,No,194,46.4,3.7,87,0.3,1175.116225,0.592,11,3,5.379328
71,No,194,45.7,3.81,8,0.3,191.55157,0.587,11,4,0.053973
76,No,198,44.9,3.77,86,0.3,115.565314,0.583,11,4,0.524879
75,No,197,44.2,3.5,85,0.4,11.147277,0.577,10.7,4,5.171734
73,No,193,43.5,3.51,89,0.4,143.6758,0.57,10.4,4,0.005175
73,No,192,42.8,3.61,85,0.4,116.2743,0.562,10.1,4,0.526796
61.4,No,223,18.9,0.01,67,0.5,43.646498,0.345,5.3,49,19.148219
69,No,227,18.5,0.01,56,0.6,416.14838,0.341,5.3,49,18.426372
63,No,232,18.1,0.01,71,0.7,391.515524,0.331,5.1,49,17.731634
59.4,No,241,17.7,0.15,4,0.7,375.5819866,0.323,4.8,50,1.764636
58.2,No,252,17.3,0.12,75,0.9,348.151511,0.312,4.5,50,16.425578
57.1,No,263,16.9,0.11,71,1.1,341.2894618,0.307,4.2,51,15.813913
56,No,272,16.5,0.12,68,1.3,354.8185998,0.298,4,52,15.228525
55.2,No,276,16.1,0.1,57,1.4,292.55962,0.293,3.8,53,14.668338
54.5,No,277,15.7,0.11,52,1.5,258.463873,0.286,3.7,54,1.413264
53.7,No,278,15.4,0.11,46,1.6,25.383731,0.278,3.5,55,13.618449
52.9,No,279,15,0.11,45,1.6,232.5661574,0.27,3.1,56,1.312712
52.1,No,28,14.6,0.1,44,1.6,215.8548,0.266,3,56,1.265687
51.4,No,282,14.3,0.1,43,1.6,177.828384,0.261,2.9,57,0.012262
56,No,283,13.9,0.11,42,1.6,165.257247,0.255,2.9,57,11.771976
50,No,284,13.6,0.1,41,1.5,158.455972,0.253,2.8,58,11.352973
53.6,No,362,24.7,0.01,49,3.9,3221.678128,0.521,10,490,1.764652
53.2,No,367,24.1,8.3,46,3.9,2996.96432,0.514,9.8,498,17.182933
52.7,No,374,23.5,8.54,42,4.4,2755.297787,0.507,9.7,505,167.297284
52.3,No,375,22.8,8.75,48,4.7,2527.9423,0.5,9.6,513,16.287776
52,No,374,22.2,8.9,54,4.8,2327.3267,0.492,9.5,521,158.578261
51.6,No,376,21.6,9.05,66,4.9,197.661422,0.487,9.3,527,15.442181
59,No,386,21,9.3,6,5,1383.893354,0.481,9.2,536,1.534739
55,No,388,2.4,9.55,54,5.2,1136.829645,0.477,9.1,542,14.641724
49.8,No,396,19.9,9.66,46,5.3,119.743286,0.466,9,549,14.261494
49.2,No,4,19.3,9.71,45,5.4,87.8938738,0.463,8.9,556,138.939478
48.5,No,47,18.8,9.76,43,5.4,648.815852,0.445,8.5,563,135.393616
48.1,No,41,18.3,9.75,42,5.4,512.65719,0,8.1,567,131.972533
47.7,No,49,17.8,9.61,4,5.3,459.4572117,0,7.7,571,12.866671
47.4,No,48,17.3,9.58,36,5.1,351.7996666,0,8,574,125.463434
47.1,No,45,16.9,9.23,31,4.9,379.1193264,0,7.6,576,1.223529
81.8,Yes,59,61.2,5.97,95,0.1,7455.24654,0.948,17.7,0,0.518867
81.6,Yes,61,6.8,6.06,93,0.1,975.49856,0.945,17.7,0,5.137232
81.5,Yes,62,6.3,6.21,94,0.1,1291.435,0.942,17.5,0,0.579623
81.3,Yes,61,59.8,6.21,95,0.1,11563.727,0.941,17.6,0,0.518573
81.1,Yes,67,59.4,6.53,94,0.1,1574.9861,0.939,17.6,0,0.495388
81,Yes,66,58.9,6.59,93,0.1,87646.75346,0.936,17.4,0,4.889252
89,Yes,67,58.5,6.68,94,0.1,817.77681,0.936,17.4,0,4.828726
86,Yes,67,58,6.75,94,0.1,9688.5961,0.936,17.6,0,4.768212
85,Yes,67,57.5,6.6,93,0.1,85128.65759,0.934,17.6,0,0.479153
84,Yes,7,57,6.47,94,0.1,74114.69715,0.931,17.5,0,0.466677
81,Yes,73,56.5,6.37,91,0.1,66775.3944,0.929,17.6,0,4.623291
79.8,Yes,77,55.9,6.22,92,0.1,5757.26916,0.924,17.5,0,0.459191
79.4,Yes,78,55.3,6.04,92,0.1,5111.65445,0.918,17.1,0,4.564855
78.9,Yes,81,54.6,5.89,93,0.1,4361.1538,0.916,17.1,0,4.538159
78.8,Yes,82,54,5.49,91,0.1,38549.58934,0.917,17.5,0,4.513751
78.5,Yes,85,53.3,5.67,91,0.1,38146.71539,0.911,17.1,0,0.449967
66.2,No,162,24.7,0.01,72,0.1,1316.98966,0.542,7.8,359,185.546257
66,No,163,23.9,0.04,72,0.1,1272.44161,0.538,7.7,365,181.712595
65.7,No,165,23.2,0.04,72,0.1,1261.28967,0.529,7.6,369,177.911533
65.5,No,167,22.5,0.04,75,0.1,1226.215314,0.525,7.5,371,174.184265
65.1,No,172,21.9,0.04,82,0.1,14.142268,0.521,7.5,372,1.756182
64.8,No,175,21.3,0.03,7,0.1,16.63999,0.514,7.3,371,1.674958
64.6,No,177,2.6,0.03,7,0.1,139.31288,0.513,7.3,369,16.364463
64.4,No,178,2.1,0.03,75,0.1,95.4327931,0.505,6.7,367,16.332974
64.2,No,179,19.5,0.03,77,0.1,873.772727,0.501,6.5,365,15.793993
62.9,No,2,18.9,0.04,78,0.1,711.4699463,0.487,6.1,364,15.399667
63.7,No,183,18.4,0.01,65,0.1,649.848233,0.474,5.6,364,0.015783
63.5,No,185,17.9,0.01,69,0.1,563.594342,0.465,5.6,366,1.477341
63.2,No,187,17.4,0.01,71,0.1,499.8633,0.457,5.5,371,144.654143
63,No,189,16.9,0.01,68,0.1,51.6568157,0.45,5.4,377,14.161437
62.8,No,19,16.4,0.02,65,0.1,533.8624114,0.445,5.3,385,138.523285
77.6,No,119,57.1,6.74,8,0.1,12593.7374,0.78,13,1,0.393986
77.5,No,118,56.3,6.89,81,0.1,11685.97983,0.773,12.9,1,3.838462
77.2,No,12,55.6,6.95,87,0.1,1589.82713,0.765,12.8,1,3.772938
77.3,No,121,54.9,6.9,91,0.1,927.723171,0.758,12.9,1,0.377782
76.5,No,122,54.2,6.94,95,0.1,7937.259931,0.756,12.8,1,3.643222
76.8,No,127,53.4,6.87,85,0.1,7429.628274,0.755,12.8,1,3.579385
76.5,No,127,52.7,6.74,86,0.1,6973.9284,0.75,12.8,1,3.516268
76.4,No,124,51.9,6.16,84,0.2,668.8667,0.743,12.9,1,0.345387
76.2,No,125,51.1,5.72,98,0.1,5348.518399,0.744,12.9,1,0.339195
75.8,No,122,5.3,5.53,88,0.1,4916.54886,0.74,12.9,1,0.333465
75.8,No,123,49.5,5.69,92,0.2,4591.892776,0.733,12.8,1,3.269541
75.5,No,126,48.6,5.52,95,0.1,4267.13578,0.728,12.8,1,0.329174
75.7,No,125,47.8,5.52,99,0.2,4126.14671,0.725,12.6,1,3.149265
75.5,No,124,46.9,5.43,95,0.1,446.372833,0.721,12.4,2,0.389684
75.7,No,121,45.9,5.58,99,0.2,46.29935,0.716,12.1,2,0.033347
62.7,No,278,47.9,0.01,64,0.7,2182.716565,0.511,10,10,7.755785
62.4,No,281,47.2,0.01,8,0.8,229.95364,0.506,10,10,7.592865
62.2,No,284,46.4,0.01,81,1,271.318741,0.501,9.9,10,0.743836
62,No,285,45.7,0.88,69,1,177.867119,0.494,9.9,10,7.269348
61.8,No,286,44.9,0.79,72,1.1,1366.879112,0.485,9.6,10,0.718239
61.6,No,288,44.2,0.82,79,1.1,1166.66337,0.477,9.2,11,6.947447
61.4,No,29,43.4,0.81,76,1.3,1178.72469,0.469,8.9,11,6.787187
61.1,No,295,42.7,0.71,72,1.4,956.668952,0.461,8.6,11,6.627922
68,No,299,41.9,0.64,67,1.5,854.346921,0.454,8.2,11,0.647272
64,No,37,41.1,0.84,61,1.5,77.5773486,0.446,7.9,11,0.631479
59.9,No,314,4.4,0.58,59,1.5,637.3616215,0.439,7.6,11,6.161517
59.6,No,321,39.6,0.59,62,1.4,588.3582595,0.433,7.2,11,0.061724
59.3,No,327,38.9,0.61,54,1.4,511.665773,0.428,6.9,11,5.862316
59.1,No,331,38.2,0.68,52,1.3,539.41528,0.422,6.6,11,5.716152
58.9,No,335,37.5,0.73,51,1.1,631.9468526,0.418,6.2,11,5.572222
73.9,No,147,49.4,0.01,83,0.2,4712.822736,0.688,12.3,3,6.552584
73.8,No,148,48.6,5.03,8,0.2,4479.95858,0.679,12.3,3,0.646574
73.6,No,148,47.9,5.36,83,0.1,3855.537735,0.679,12.3,3,6.379219
73.4,No,15,47.1,5.79,84,0.1,3988.11894,0.675,12.3,3,6.293783
73.2,No,152,46.4,5.65,85,0.1,3225.591754,0.664,12.4,3,0.629877
73,No,155,45.6,5.39,81,0.1,2599.596259,0.663,12.1,3,6.127837
72.7,No,157,44.9,6.14,85,0.1,359.992184,0.654,11.9,3,0.647117
72.5,No,159,44.2,5.61,95,0.1,2312.192926,0.649,12,3,5.966159
72.3,No,161,43.5,5.61,98,0.2,189.71539,0.648,12.1,3,5.882796
72.1,No,163,42.8,6.38,96,0.2,157.145691,0.646,12.3,3,5.795494
71.9,No,165,42,6.2,92,0.2,148.527976,0.639,12.1,3,0.057374
71.7,No,166,41.3,6.64,86,0.1,1174.779347,0.642,12.7,4,0.056795
71.5,No,168,4.6,5.66,87,0.1,1148.229882,0.632,12.2,4,0.558611
71.2,No,17,39.8,6.66,9,0.1,1417.26582,0.624,11.8,4,0.546624
79,No,172,39.1,6.78,86,0.1,1545.626423,0.625,11.6,4,0.005327
75.3,No,125,54.9,0.01,78,0.1,6491.5245,0.735,13.4,8,3.973354
75.3,No,125,54.2,5.38,71,0.1,6583.116248,0.731,13.4,8,3.565716
74.9,No,129,53.6,5.14,94,0.1,6387.785281,0.725,13.4,9,3.158966
74.5,No,133,52.9,4.83,91,0.2,5771.565878,0.721,13.4,9,29.759989
73.7,No,14,52.2,4.72,92,0.2,522.493191,0.708,13.3,10,29.373646
73.8,No,14,51.5,4.69,92,0.3,4166.93387,0.706,13.3,10,0.029157
73.9,No,138,5.8,4.85,93,0.3,428.87811,0.7,13.2,11,2.864198
74,No,133,5.2,4.29,93,0.3,3611.2147,0.696,13.2,11,28.292724
74.2,No,134,49.5,4.22,94,0.4,3171.49856,0.693,13,12,27.949944
72.8,No,148,48.8,4.44,66,0.4,2754.7829,0.692,13,13,0.276141
72.2,No,151,48.1,4.27,81,0.4,2448.143899,0.685,12.8,14,27.273194
72.1,No,152,47.4,4.5,95,0.4,218.25997,0.686,13.3,15,26.937738
72.6,No,144,46.7,4.03,95,0.4,259.192958,0.686,13.9,16,2.661467
72.4,No,142,46.1,4.22,9,0.5,1981.243653,0.677,13.4,17,26.261363
71.4,No,154,45.4,4.59,93,0.5,1996.719689,0.674,13.5,18,25.914879
68.4,No,214,24.8,4.52,77,0.1,2842.938353,0.676,11.7,54,0.112249
68.1,No,219,24.3,4.61,84,0.1,276.289146,0.671,11.7,55,9.848132
68.1,No,217,23.7,5.02,88,0.1,2581.818554,0.666,11.6,56,96.866642
68,No,218,23.1,4.96,87,0.1,2352.518156,0.669,11.5,57,9.527794
67.9,No,218,22.6,4.85,78,0.1,2129.499242,0.662,11.4,58,93.726624
68,No,219,22.1,4.42,86,0.1,1825.341521,0.661,11.7,59,9.222879
67.5,No,217,21.6,4.21,91,0.1,1919.466195,0.655,11.5,60,9.751864
67.5,No,216,21.1,4.19,87,0.1,1672.685433,0.648,11.4,62,8.929349
67.3,No,219,2.6,4.08,88,0.1,1391.772325,0.646,11.5,63,8.789419
67,No,223,2.1,4.22,9,0.1,1194.697155,0.642,11.6,65,86.274237
67.3,No,218,19.6,4.45,85,0.1,179.3715,0.636,11.6,66,84.678493
67.2,No,217,19.2,4.44,85,0.1,11.553196,0.631,11.6,67,8.331954
66.8,No,221,18.7,4.42,77,0.1,1.68135,0.625,11.4,68,0.813526
66.8,No,221,18.3,4.54,76,0.1,957.287441,0.622,11.4,68,79.665315
66.8,No,219,17.8,4.73,74,0.1,138.91977,0.618,11.4,69,77.991569
77.3,Yes,12,61.1,10.71,94,0.1,14341.675,0.85,16.4,2,3.811735
77.1,Yes,12,6.4,11.63,95,0.1,1378.54911,0.838,15.4,2,0.384196
76.8,Yes,125,59.7,10.81,95,0.1,13145.1484,0.834,15.3,2,3.863164
76.7,Yes,128,59.1,10.93,96,0.1,13893.187679999999,0.829,15.4,2,3.863255
76.3,Yes,13,58.4,10.59,96,0.1,12599.52486,0.822,15.1,2,3.842794
75.7,Yes,136,57.8,10.7,96,0.1,11527.59323,0.818,15.1,2,3.815163
75.5,Yes,14,57.2,11.4,96,0.1,141.44688,0.813,15,2,38.125759
75.3,Yes,144,56.6,10.9,99,0.1,1126.31852,0.808,15,2,0.381256
75.2,Yes,144,56,10.4,99,0.1,94.7726,0.803,15,2,38.141267
75,Yes,144,55.5,9.5,99,0.1,821.251569,0.797,14.8,2,38.165445
74.9,Yes,143,55,9.19,99,0.1,6681.178818,0.8,15.5,2,38.182222
74.7,Yes,142,54.5,9.06,98,0.1,5693.52416,0.796,15.3,3,0.382457
74.5,Yes,145,54,8.02,98,0.1,5196.932921,0.79,15,3,3.823364
74.2,Yes,149,53.6,7.74,98,0.1,4981.198619,0.784,14.7,3,3.824876
73.7,Yes,153,53.1,8.4,98,0.1,4492.72764,0.777,14.6,3,38.258629
89,Yes,78,6.9,9.88,98,0.1,2277.53613,0.837,16.8,0,0.014162
86,Yes,79,6.2,10,98,0.1,21618.73534,0.827,16.3,0,1.457295
83,Yes,81,59.5,11.96,98,0.1,2577.4264,0.824,16.3,0,1.514844
82,Yes,85,58.8,11.92,97,0.1,23196.18375,0.818,16.2,0,0.155756
79.6,Yes,88,58.1,12.25,97,0.1,22538.6548,0.812,16,0,0.015731
79.3,Yes,9,57.3,12.03,96,0.1,2363.97161,0.809,16,0,1.568247
79,Yes,92,56.5,12.35,97,0.1,24815.6884,0.804,15.8,0,1.558177
78.7,Yes,94,55.7,12.57,96,0.1,2278.5845,0.797,15.4,0,1.542964
78.5,Yes,96,54.9,13.11,97,0.1,19821.44463,0.793,15.4,0,1.522288
77.7,Yes,11,54.1,13.33,93,0.1,18784.9485,0.79,15.4,0,0.015333
78,Yes,99,53.3,13.45,95,0.1,1845.5881,0.792,15.9,0,1.483861
77.3,Yes,15,52.5,14.21,96,0.1,15772.7334,0.789,15.8,0,1.458821
77.2,Yes,17,51.7,12,96,0.1,12882.28897,0.788,15.9,1,1.419631
76.9,Yes,11,5.9,12.22,96,0.1,11729.14616,0.782,15.7,1,1.362722
76.6,Yes,11,5.1,11.89,96,0.1,1152.39681,0.777,15.5,1,1.289898
74.8,Yes,135,59.9,0.01,94,0.1,12.27733,0.797,14.7,2,1.998979
74.6,Yes,138,59.2,9.59,88,0.1,9585.266593,0.794,14.7,2,19.983693
74.4,Yes,138,58.4,9.58,92,0.1,8558.39766,0.797,15.3,2,0.025835
74.3,Yes,139,57.7,9.1,89,0.1,92.277825000000007,0.798,15.7,2,2.147528
73.4,Yes,153,56.9,9,94,0.1,8297.483621,0.797,15.8,2,2.246871
73.1,Yes,158,56.3,10.4,95,0.1,822.18329,0.795,15.4,2,2.367487
73.1,Yes,159,55.6,11.9,95,0.1,1136.47356,0.78,14.7,2,2.537875
72.9,Yes,154,55,10.6,96,0.1,8214.185378,0.766,14.1,3,2.882982
72.5,Yes,157,54.4,8.51,97,0.1,5828.745662,0.755,13.7,3,2.119376
71.9,Yes,162,53.9,7.68,97,0.1,4676.315183,0.745,13.4,3,21.319685
71.7,Yes,165,53.4,9.82,97,0.1,3552.92452,0.733,12.9,4,21.451748
71.1,Yes,174,52.9,8.78,97,0.1,2774.95586,0.722,12.5,4,21.574326
77,Yes,178,52.4,9.62,98,0.1,2124.873613,0.714,12,4,2.173496
78,Yes,179,51.9,9.78,99,0.1,1839.72945,0.708,11.7,4,2.213197
77,Yes,175,51.4,10.16,99,0.1,1668.162731,0.703,11.5,4,22.442971
73,No,225,59.9,10.12,97,0.1,14125.961,0.803,14.9,13,143.819666
70,No,229,59.3,10.58,98,0.2,15543.67653,0.799,14.6,14,14.356911
69.6,No,237,58.7,10.99,98,0.3,15154.45687,0.792,14.3,14,14.321676
69.4,No,242,58.1,11.04,97,0.3,14212.687,0.785,14,14,14.296868
68.4,No,256,57.5,11.05,98,0.2,1674.98771,0.773,13.7,15,142.849449
68.2,No,261,57,11.21,98,0.3,8562.89598,0.776,14,15,142.78534200000001
67.5,No,278,56.6,12.04,98,0.3,11635.2637,0.769,13.9,16,14.274235
67.3,No,282,56.1,12.19,98,0.3,911.25385000000006,0.761,13.8,16,1.428588
66.4,No,3,55.7,11.79,98,0.3,692.194398,0.754,13.8,17,14.349528
65,No,327,55.3,11.57,98,0.3,5323.473877,0.748,13.7,18,143.518523
64.9,No,321,55,11.5,98,0.3,412.372294,0.741,13.6,19,1.446754
64.6,No,322,54.7,11.32,97,0.4,2975.132778,0.733,13.2,20,144.648257
64.8,No,313,54.5,10.87,97,0.3,2375.5944,0.727,12.8,20,1.453646
65.1,No,38,54.2,10.47,97,0.3,21.362386,0.72,12.5,21,14.597683
65,No,37,54,10.18,97,0.2,1771.58662,0.709,12.1,22,146.596557
65.7,No,23,2.8,0.01,98,0.4,76.5699517,0.488,10.8,12,11.345357
65.2,No,233,2.1,0.01,98,0.5,688.8768557,0.485,10.8,12,1.165151
64.6,No,239,19.5,0.01,98,0.7,678.796973,0.475,10.5,13,1.788853
63.8,No,247,18.9,8.34,93,1.3,617.317648,0.464,10.2,14,0.151671
62.8,No,26,18.3,7.92,93,2.3,563.491487,0.454,10,16,1.246842
61,No,288,17.7,7.11,93,2.8,539.1538211,0.447,10.2,17,9.977446
68,No,282,17.1,6.39,97,3.7,5.6687264,0.438,10.4,18,0.978169
59.6,No,295,16.5,6.78,98,5,44.853339,0.424,10.1,20,0.944742
57.6,No,328,15.9,6.88,99,6.2,342.3656294,0.404,9.3,22,0.092658
55.3,No,37,15.4,7.01,95,7.1,287.931877,0.388,8.8,24,8.991735
53.4,No,397,14.9,6.75,89,7.7,236.9114381,0.371,8.2,26,8.818438
52,No,48,14.5,6.66,96,8.1,212.6619491,0.359,7.6,29,0.868346
57,No,415,14.1,7.82,85,8,196.59778,0.343,7.2,31,0.853625
48.6,No,438,13.7,5.72,76,8.1,21.569654,0.332,7.1,33,0.832946
48.3,No,426,13.2,7.13,9,8.5,216.172747,0.318,6.6,34,0.082573
73.8,No,128,74.3,0.01,58,0.1,4178.973369,0.701,12.9,0,0.019229
73.6,No,131,73.8,0.01,62,0.1,4219.65123,0.7,12.9,0,0.019757
73.2,No,136,73.4,0.01,62,0.1,4234.554443,0.698,12.9,0,0.189194
73,No,139,72.9,2.15,6,0.1,3942.9827,0.693,12.9,0,0.187665
72.6,No,144,72.5,3.01,57,0.1,3453.487434,0.69,12.9,0,0.018625
76,No,172,72,2.88,45,0.1,335.112838,0.691,12.9,0,0.184826
72.5,No,146,71.4,3.97,54,0.1,359.82223,0.688,12.9,0,0.183526
72.2,No,149,7.9,3.85,49,0.1,322.543121,0.682,12.9,0,0.182286
72,No,153,7.3,3.52,37,0.1,287.963899,0.677,12.7,0,0.018194
71.6,No,16,69.7,3.63,55,0.1,2571.262348,0.671,12.6,0,0.179929
71.4,No,162,68.9,3.62,26,0.1,2351.33814,0.665,12.4,0,0.178781
79,No,169,68.2,4.17,82,0.1,197.29417,0.659,12.3,0,0.177662
76,No,174,67.4,3.3,85,0.1,1631.41727,0.653,12.1,0,0.176582
75,No,175,66.5,3.43,83,0.1,1555.47451,0.645,12,0,0.175566
72,No,18,65.6,3,94,0.1,154.68923,0.64,12.1,0,0.017461
67.3,No,191,3.1,0.01,95,0.2,1821.878734,0.562,11.1,0,0.191266
67.1,No,192,29.3,0.01,97,0.2,1619.532678,0.559,11,0,0.018745
66.9,No,194,28.5,0.01,96,0.5,138.949959,0.553,10.8,0,0.182889
66.6,No,198,27.7,5.69,96,0.5,134.326189,0.546,10.6,0,0.001788
66.2,No,24,26.9,5.58,98,0.5,1129.754961,0.542,10.6,0,0.174776
65.8,No,21,26.2,4.13,99,0.9,199.57146,0.533,10.1,0,0.017813
65.4,No,215,25.4,4.36,99,0.9,1126.46212,0.531,10.4,0,0.166913
65.1,No,217,24.7,4.14,98,1.2,894.927988,0.527,10.3,0,0.016311
64.7,No,22,24,5.46,97,1.2,843.89447,0.521,10.2,0,0.159328
64.3,No,222,23.4,5.27,97,1.6,81.86157,0.514,10,0,0.015563
63.8,No,224,22.8,5.78,99,1.6,693.345683,0.509,9.8,0,0.151969
63.4,No,225,22.2,6.54,94,1.6,649.342153,0.504,9.7,0,0.148372
63.1,No,226,21.7,5.8,92,1.4,555.8185378,0.501,9.6,0,0.144889
62.8,No,225,21.1,5.02,9,1.5,51.216381,0.497,9.4,0,0.141622
66.4,No,192,23.8,0.26,85,0.3,152.443873,0.483,9.1,19,14.546111
66,No,196,23.2,0.26,89,0.3,148.912351,0.474,8.7,20,0.141232
65.6,No,2,22.7,0.28,83,0.4,136.4518,0.463,8.3,20,1.373513
64.9,No,26,22.2,0.32,89,0.4,18.25321,0.455,7.9,20,0.013391
64.3,No,212,21.7,0.28,76,0.4,11.631377,0.449,7.7,21,12.916229
63.5,No,219,21.2,0.3,83,0.5,12.566464,0.444,7.5,21,1.255917
62.8,No,225,2.8,0.28,87,0.6,11.33678,0.435,7.1,22,1.223957
62.1,No,23,2.3,0.32,93,0.7,95.3978522,0.425,6.8,22,11.873557
61.3,No,236,19.9,0.34,89,0.7,89.838296,0.422,6.6,23,11.556763
65,No,242,19.5,0.33,84,0.7,773.8698713,0.415,6.4,23,11.251266
59.7,No,247,19.1,0.35,87,0.7,733.581811,0.408,6.2,24,1.955944
59,No,251,18.7,0.33,73,0.7,642.7663113,0.401,5.9,25,0.016799
58.4,No,252,18.3,0.36,6,0.7,513.26227,0.397,5.7,25,1.396861
57.9,No,251,17.9,0.34,49,0.6,481.287397,0.381,5.4,26,1.134497
57.5,No,25,17.5,0.29,49,0.5,473.45338,0.378,5.2,27,0.988452
75.4,No,123,59.4,9.09,93,0.1,62.173221,0.771,14.3,1,0.713576
75.3,No,122,58.9,9.16,97,0.1,6353.826383,0.766,14.1,1,7.164132
74.9,No,126,58.3,9.38,93,0.1,5659.3824,0.767,14,1,0.719977
74.6,No,127,57.7,9.56,94,0.1,6423.291783,0.757,13.5,1,0.723499
74.4,No,128,57,9.65,91,0.1,5411.87744,0.755,13.6,1,7.291436
74.1,No,131,56.4,9.85,97,0.1,5821.35397,0.754,13.6,1,0.073287
74,No,132,55.8,9.54,95,0.1,671.773913,0.749,13.5,1,0.735222
73.8,No,132,55.1,9.3,93,0.1,5458.121718,0.743,13.5,1,7.381579
73.6,No,133,54.5,8.58,97,0.1,4129.758741,0.739,13.4,1,7.411569
73,No,135,53.9,9.6,98,0.1,3528.1318,0.73,13.2,1,0.744769
73,No,134,53.3,7.42,96,0.1,3331.228766,0.72,13.1,1,7.463157
73,No,134,52.8,7.25,89,0.1,2832.49652,0.715,13,1,0.748591
72.9,No,133,52.2,6.95,95,0.1,2149.9944,0.715,13.2,1,7.496522
73.1,No,135,51.7,7.53,93,0.1,1634.87561,0.709,13.1,1,0.753433
72.6,No,141,51.2,7.38,98,0.1,87.1365252,0.702,13,1,7.516346
73,No,17,36.2,0.01,99,0.1,1557.77892,0.766,13.2,0,0.091359
72.9,No,172,35.5,0.01,98,0.1,15687.34795,0.762,13.5,0,0.089949
72.7,No,174,34.8,0.01,98,0.1,12845.17363,0.755,13.5,0,0.008833
72.6,No,177,34.2,9.72,99,0.1,12189.9516,0.744,13.3,0,0.087441
72.4,No,18,33.5,6.51,99,0.1,184.68447,0.74,13.2,0,0.008977
72.3,No,182,32.4,4.94,99,0.1,976.9566,0.739,13.2,0,0.087298
72.2,No,184,31.8,6.33,99,0.1,11122.8627,0.739,13.2,0,0.086956
72.2,No,185,31.2,8.12,99,0.1,12154.82994,0.733,13.1,0,0.008533
72.2,No,185,3.7,8.12,99,0.1,1214.39987,0.728,13.1,0,8.46e-4
72.2,No,185,3.1,7.82,99,0.1,1192.5174,0.712,12.1,0,0.082858
72.1,No,186,29.2,7.91,99,0.1,1176.65871,0.715,12.3,0,0.082475
72.1,No,185,28.7,7.41,99,0.1,8524.961236,0.713,12.1,0,0.082781
72.1,No,186,28.1,11.15,99,0.1,8331.261997,0.712,12.1,0,0.083723
72,No,187,27.6,6.72,96,0.1,7663.1378,0.714,12.2,0,0.008122
71.8,No,188,27.1,8.24,98,0.1,7578.85153,0,12.3,0,0.081131
48.1,No,463,23.8,0.01,83,0.6,78.4394757,0.426,9.5,23,0.779162
54,No,47,23.3,0.01,92,0.8,71.8186998,0.413,9.3,23,0.692279
49.7,No,411,22.7,0.01,91,0.9,561.8984239,0.401,9.1,25,0.676613
48.9,No,418,22.2,3.78,88,1.3,445.525,0.392,8.9,26,6.611692
48.1,No,424,21.7,3.84,84,1.6,45.128418,0.384,8.7,27,0.645872
47.1,No,433,21.2,3.97,81,1.7,394.5932439,0.375,8.5,28,0.063126
46.2,No,441,2.7,3.91,75,1.9,46.3759178,0.367,8.3,29,6.165372
45.3,No,45,2.2,3.86,63,2.2,358.8274716,0.357,8.2,29,0.615417
44.3,No,464,19.7,3.8,65,2.2,322.313468,0.348,8,30,5.848692
43.3,No,48,19.2,3.83,67,2.2,287.6891942,0.341,7.8,30,5.658379
42.3,No,496,18.8,3.99,69,2.1,263.145817,0.332,7.6,30,5.439695
41.5,No,57,18.4,4.07,66,1.9,263.7618312,0.322,7.4,30,5.199549
48,No,513,17.9,4.06,54,1.7,249.939542,0.306,7.2,30,4.957216
41,No,519,17.5,4.21,38,1.5,227.779471,0.302,7,30,4.739147
39,No,533,17.2,3.97,46,1.2,139.3147734,0.292,6.7,29,4.564297
87,Yes,76,59.5,10.46,95,0.1,242.67285999999999,0.888,17.6,0,0.026198
85,Yes,78,58.9,9.53,95,0.1,2315.31799,0.878,16.8,0,0.259953
82,Yes,81,58.2,10.95,96,0.1,22486.47167,0.877,16.8,0,0.257159
79.8,Yes,84,57.6,10.61,96,0.1,24985.24827,0.876,17,0,0.252843
79.5,Yes,87,57,10.32,96,0.1,23437.4722,0.872,16.9,0,0.248583
79.1,Yes,9,56.4,10.52,96,0.1,24633.79785,0.873,16.9,0,0.239669
78.9,Yes,96,55.8,10.94,97,0.1,2751.8127,0.869,16.9,0,0.221316
78.3,Yes,12,55.2,11.02,97,0.1,23841.31792,0.865,16.8,0,0.218122
78.1,Yes,17,54.7,12.26,97,0.1,19726.1265,0.858,16.7,0,0.026868
77.5,Yes,14,54.1,11.14,95,0.1,18169.1891,0.853,16.3,0,0.002474
77.2,Yes,113,53.5,10,94,0.1,1726.9151,0.85,16.6,0,0.199712
76.5,Yes,119,52.9,11.58,95,0.1,1488.47154,0.843,16.1,0,1.995733
76.6,Yes,117,52.3,9.29,93,0.1,11814.9994,0.835,15.6,0,0.199453
76.2,Yes,124,51.8,10.8,93,0.1,1479.29634,0.824,14.7,0,0.019926
76,Yes,122,51.2,11.9,93,0.1,1227.73677,0.818,14.6,0,1.988925
68.8,No,183,49.7,0.01,94,0.1,29.652622,0.512,9.6,0,0.057554
68.8,No,182,48.9,0.01,99,0.1,188.5159,0.509,9.5,0,0.563513
68.7,No,184,48.1,0.01,99,0.1,1858.689868,0.505,9.4,0,0.551531
68.5,No,186,47.2,0.99,99,0.1,1642.837974,0.497,9.4,0,0.539614
68.3,No,188,46.4,1.1,94,0.1,1272.44825,0.492,9.3,0,0.052779
68.1,No,192,45.5,1.21,98,0.1,1158.282672,0.494,9.3,0,0.051679
68,No,193,44.7,1.09,94,0.1,125.79167,0.489,9.2,0,0.054477
67.6,No,2,43.8,0.85,93,0.1,146.931125,0.482,9,0,0.049294
67.6,No,2,43,0.99,99,0.1,948.6592511,0.47,8.4,0,0.481422
67.4,No,24,42.1,0.9,9,0.1,88.874858,0.465,8.3,0,0.469885
67.1,No,29,41.3,1.18,89,0.1,818.442619,0.459,8.1,0,0.458324
66.8,No,215,4.4,1.18,84,0.1,744.7657423,0.453,8,0,0.446769
66.5,No,22,39.6,1.08,78,0.1,784.9562874,0.446,7.3,0,0.435262
66.2,No,227,38.7,0.7,88,0.1,944.81684,0.442,6.6,0,0.423853
65.8,No,235,37.9,0.71,88,0.1,154.518572,0.455,7.2,0,0.041269
62,No,347,5.3,7.38,77,3.7,6479.625659,0.66,13,42,54.14673474
69,No,371,49.5,7.34,73,4.5,6876.953821,0.652,12.8,43,53.31195561
59.2,No,48,48.7,7.38,65,7.6,7548.163698,0.644,12.8,43,5.2565158
58.9,No,413,47.9,7.38,69,8.5,849.954224,0.638,12.8,43,51.729345359999996
58,No,428,47.2,7.28,72,11,7362.76139,0.63,12.8,43,5.979432360000001
56.5,No,449,46.4,7.6,75,19,5888.6284,0.622,12.8,46,5.25581311
55.3,No,473,45.7,8.19,77,23.5,5786.59972,0.616,12.9,50,49.557573299999994
54.5,No,486,45,8.48,79,26.4,6125.39984,0.612,12.9,51,48.88384499
54,No,496,44.3,8.5,79,28.1,5631.73485,0.609,12.9,54,4.8233844800000005
53.8,No,498,43.6,8.69,75,29.5,5414.634326,0.609,12.9,55,0.47666724
53.7,No,497,42.9,6.96,73,29.7,4863.51688,0.611,12.9,55,0.00471799
54,No,485,42.2,6.93,7,28.9,3775.68275,0.613,12.9,55,46.4181939
54.9,No,459,41.6,7.04,7,26.6,2518.398261,0.62,12.9,54,45.855482880000004
56,No,429,4.9,7.38,71,24,2681.781,0.629,13,52,45.312937
57.3,No,397,4.1,7.3,71,21.3,337.2253,0.635,13,51,44.896856
82.6,Yes,58,66,0.01,97,0.1,296.47225,0.877,17.6,1,4.648882
82.4,Yes,6,65.4,9.25,96,0.1,2921.9342,0.874,17.5,1,0.466245
82,Yes,61,64.8,9.35,97,0.1,28562.29324,0.871,17.2,1,4.677355
82.1,Yes,63,64.1,9.62,97,0.1,31834.21816,0.867,16.9,1,46.742697
81.9,Yes,64,63.5,9.78,97,0.1,3736.228,0.86,16.4,1,46.576897
81.6,Yes,66,62.9,9.99,96,0.1,32333.4661,0.858,16.3,2,46.362946
81.3,Yes,7,62.3,10.24,97,0.1,35578.73619,0.854,16.1,2,4.595416
89,Yes,72,61.7,11.05,96,0.1,3279.414,0.849,16,2,4.522683
88,Yes,73,61.1,11.86,98,0.1,28482.6948,0.844,15.9,2,44.397319
81,Yes,77,6.5,11.92,96,0.1,2651.71745,0.837,15.8,2,43.653155
81,Yes,79,59.9,11.96,97,0.1,24918.64584,0.833,15.6,2,42.921895
79.4,Yes,83,59.3,12.09,99,0.1,21495.7741,0.83,15.6,2,42.187645
79.5,Yes,83,58.8,12.26,98,0.1,1719.53541,0.828,15.7,2,41.431558
79.4,Yes,84,58.2,9.86,95,0.1,15323.6114,0.825,15.7,2,0.485412
79.1,Yes,86,57.6,11.12,95,0.1,14676.769,0.82,15.7,2,4.567864
74.7,No,141,22.7,2.37,99,0.1,382.54994,0.76,14,3,0.002771
74.6,No,142,21.9,2.56,99,0.1,361.289374,0.757,13.8,3,0.002585
74.5,No,143,21.2,2.8,99,0.1,335.521375,0.752,13.7,3,0.002425
74.5,No,141,2.5,3.03,99,0.1,322.992615,0.746,13.6,3,0.002271
74.5,No,138,19.8,2.31,99,0.1,2819.511161,0.739,13.5,3,0.002119
71.8,No,183,19.2,2.05,97,0.1,216.681584,0.735,13.4,4,0.019968
72.3,No,172,18.5,2.1,98,0.1,254.489192,0.731,13.3,4,0.019817
73.7,No,146,17.9,2.29,98,0.1,1644.816372,0.725,13.2,4,0.019668
73.8,No,145,17.2,1.96,98,0.1,1448.7611,0.718,13.1,4,0.001952
74.2,No,138,16.6,1.97,99,0.1,1259.87591,0.712,12.9,4,0.019373
69.1,No,197,16.1,1.56,97,0.1,174.6692,0.705,12.8,6,0.019228
73.9,No,146,15.6,1.69,98,0.1,989.4547732,0.697,12.7,5,0.001983
73.7,No,149,15.1,1.62,98,0.1,873.1472436,0.699,12.6,5,0.018939
72.7,No,16,14.6,1.68,98,0.1,837.699787,0.686,12.5,5,0.018797
71.5,No,175,14.1,1.45,99,0.1,875.412178,0.677,12.4,5,0.018655
71.4,No,178,57.7,6.32,85,0.4,9564.46383,0.722,12.7,0,0.547928
71.2,No,179,57,6.02,86,0.4,9484.56898,0.719,12.7,0,0.054254
71.3,No,178,56.3,5.73,84,0.9,9272.413453,0.708,12.7,0,0.053777
76,No,187,55.5,5.64,86,0.1,8318.97692,0.704,12.5,0,0.531589
73,No,19,54.8,5.26,96,0.5,833.31332,0.7,12.3,0,0.052613
70,No,196,54.1,5.13,85,0.6,7443.85178,0.696,12.1,0,0.052619
69.8,No,196,53.3,4.94,85,1.2,6858.163158,0.691,11.9,0,0.515148
69.5,No,22,52.6,4.72,84,0.8,5761.39536,0.684,11.7,0,0.005975
69.3,No,199,51.8,4.52,84,0.6,527.92,0.678,11.5,0,0.005437
68.9,No,25,51.1,4.47,84,0.6,3595.8855,0.672,11.3,0,0.498946
68.3,No,214,5.4,4.55,84,0.9,36.48773,0,11.1,0,0.049363
68,No,223,49.7,4.53,74,1,263.1399,0,10.9,0,0.488332
67.9,No,221,49,4.41,74,1.6,2232.513244,0,11,0,0.048344
67.7,No,219,48.3,4.23,65,1.8,1598.77512,0,11,0,0.047774
67.4,No,224,47.6,4.29,7,0.4,1888.61829,0,11.1,0,0.047239
58.4,No,382,31.8,0.01,98,7.3,3464.35169,0.541,11.4,2,0.129597
57.6,No,393,31.2,0.01,98,9.8,3598.75972,0.539,11.4,2,1.271456
56.5,No,412,3.7,0.01,92,12.2,3851.51547,0.534,11.3,2,1.248158
55,No,438,3.2,5.2,85,15.7,3934.27325,0.526,11.2,2,1.225258
53.6,No,459,29.7,4.93,89,21.6,369.239336,0.523,11,2,0.122843
52.6,No,46,29.3,4.9,89,33.7,332.517125,0.519,10.8,3,0.118675
51.4,No,477,28.9,4.87,89,40.2,2842.438422,0.514,10.6,3,1.158897
50,No,51,28.5,5.55,88,40.7,347.48798,0.508,10.5,3,1.138434
47.8,No,564,28.2,5.53,88,43.7,2937.36723,0.502,9.9,3,0.112514
46,No,63,27.8,5.08,88,49.1,2873.862141,0.495,9.7,3,0.115873
45.6,No,69,27.4,5.78,88,50.3,2529.633557,0.492,9.4,3,0.019553
45.9,No,6,27.1,5.65,87,50.6,22.99449,0.493,9.1,3,0.187392
46.4,No,587,26.7,5.52,87,49.9,1324.996228,0.502,9.2,3,0.001893
47.1,No,568,26.3,6.72,87,48.8,1437.634951,0.506,9.3,3,0.172927
48.4,No,536,25.9,7.19,87,46.4,1637.4567,0.516,9.4,3,0.161468
82.3,Yes,54,59,7.3,98,0.1,5918.19898,0.906,15.8,0,0.969611
81.9,Yes,57,58.5,7.3,98,0.1,6283.24522,0.904,15.8,0,0.096379
81.7,Yes,57,58.1,7.4,98,0.1,57134.777,0.903,15.8,0,9.519374
81.7,Yes,58,57.7,7.4,98,0.1,59593.28711,0.901,16,0,9.449213
81.5,Yes,58,57.3,7.2,98,0.1,5276.25591,0.895,15.8,0,9.378126
81.4,Yes,62,56.9,7.3,98,0.1,4627.592,0.898,15.8,0,9.298515
81.1,Yes,62,56.5,6.9,98,0.1,55746.84238,0.897,15.7,0,9.219637
89,Yes,63,56.1,6.9,98,0.1,53324.37937,0.895,15.8,0,0.914892
88,Yes,64,55.7,6.5,98,0.1,46256.4716,0.892,15.9,0,0.009855
85,Yes,66,55.3,6.5,98,0.1,4385.35315,0.89,16,0,0.929572
83,Yes,7,54.9,6.6,99,0.1,42442.2245,0.888,16,0,8.993531
82,Yes,69,54.4,6.9,99,0.1,36961.42537,0.882,15.9,0,8.958229
79.9,Yes,71,53.9,6.9,99,0.1,29571.7446,0.88,15.9,0,8.924958
79.8,Yes,73,53.4,6.6,99,0.1,26969.24457,0.877,15.9,0,0.889596
79.6,Yes,73,52.8,6.2,99,0.1,29283.55,0.873,15.9,0,0.887219
83.2,Yes,51,57,9.61,96,0.1,85814.58857,0.936,15.9,0,8.188649
83,Yes,52,56.6,9.73,96,0.1,84658.88768,0.934,15.8,0,0.889346
82.7,Yes,54,56.2,9.86,96,0.1,83164.38795,0.932,15.7,0,7.996861
82.6,Yes,55,55.8,9.99,96,0.1,87998.44468,0.932,15.6,0,7.912398
82.3,Yes,57,55.4,10.01,96,0.1,74276.71842,0.92,15.4,0,0.782499
82.1,Yes,6,55,10.15,96,0.1,69672.471,0.916,15.3,0,7.743831
82,Yes,6,54.6,10.29,96,0.1,72119.5687,0.914,15.3,0,7.647675
81.7,Yes,63,54.1,10.44,94,0.1,63223.46778,0.911,15.3,0,7.551117
81.5,Yes,65,53.7,10.24,94,0.1,57348.92788,0.904,15.2,0,7.483934
81.1,Yes,66,53.2,10.15,94,0.1,54797.54663,0.899,15.2,0,7.437115
81,Yes,69,52.8,10.55,95,0.1,53255.97631,0.895,15.1,0,7.389625
85,Yes,72,52.3,10.82,95,0.1,4796.56497,0.889,15,0,0.073391
84,Yes,74,51.8,10.85,95,0.1,41336.72192,0.89,15.2,0,7.284753
82,Yes,75,51.3,11.12,95,0.1,38538.64447,0.888,15.2,0,7.229854
79.7,Yes,78,5.8,11.26,95,0.1,37813.23426,0.879,15.1,0,0.718425
73.8,No,121,49.4,0.83,83,0.1,258.3529,0.644,11.5,8,1.963286
73.7,No,123,48.5,0.97,83,0.1,1762.24617,0.636,11.4,8,18.914977
73.5,No,127,47.6,0.92,83,0.1,1577.457182,0.624,11,9,18.294611
73.2,No,131,46.8,0.93,84,0.1,148.852738,0.61,10.6,9,1.786638
73,No,134,46,1.29,85,0.1,1253.39143,0.599,10.3,9,17.415266
72.8,No,135,45.3,1.25,86,0.1,1263.13455,0.596,10.2,9,0.178791
72.7,No,135,44.6,1.29,83,0.1,1258.421953,0.589,10.1,10,16.766899
72.6,No,136,43.9,1.41,86,0.1,1177.629268,0.588,10,10,1.641848
69.6,No,162,39.9,0.01,94,0.2,114.45919,0.622,11.3,10,8.362745
69.3,No,163,39,0.01,97,0.2,14.214412,0.617,11.2,10,0.817789
68.8,No,164,38.2,0.01,96,0.2,954.725253,0.613,11.1,10,0.799562
68.1,No,166,37.4,0.32,97,0.2,834.5412953,0.608,11.1,10,7.815949
67.3,No,171,36.6,0.32,95,0.2,738.3475227,0.603,11.1,10,0.764163
66.7,No,174,35.9,0.3,93,0.2,666.3458569,0.601,11.1,10,7.472819
66.4,No,178,35.3,0.32,87,0.3,76.914128,0.592,10.8,10,0.739728
66.1,No,181,34.7,0.35,85,0.3,52.35956,0.586,10.9,10,7.152385
65.9,No,183,34.1,0.38,76,0.3,44.2872665,0.579,10.7,10,0.007557
65.5,No,194,33.5,0.37,79,0.3,337.359236,0.572,10.6,10,6.854176
65.9,No,177,33,0.38,82,0.3,39.281834,0.563,10.5,11,6.712841
65.2,No,182,32.5,0.36,82,0.3,236.314438,0.553,10.1,11,6.576877
64.3,No,193,32.1,0.6,84,0.3,189.3878519,0.543,9.8,12,6.447688
64,No,194,31.6,0.86,84,0.3,17.8159721,0.535,9.7,13,6.327125
63.7,No,198,31.3,0.37,86,0.3,138.436633,0.529,9.6,14,0.621625
74.6,No,152,32.4,6.41,99,0.1,5941.8471,0.737,13.6,8,68.416772
74.5,No,153,31.3,6.5,99,0.1,6171.262444,0.733,13.6,9,6.814365
74.3,No,154,3.1,6.56,99,0.1,5859.915622,0.729,13.7,9,67.843979
74.1,No,155,29,6.07,99,0.2,5491.159981,0.72,13.3,10,0.675313
73.9,No,158,27.9,5.95,99,0.2,575.32176,0.711,13.1,10,0.672888
73.7,No,16,26.8,5.88,99,0.3,4212.5492,0.706,13,11,66.881867
73.5,No,162,25.7,5.92,99,0.3,4378.68746,0.7,12.9,11,6.654576
73.3,No,165,24.6,6.2,98,0.4,3972.26475,0.687,12.3,12,66.195615
73,No,168,23.6,6.18,98,0.5,3368.952576,0.686,12.4,13,65.824164
72.5,No,177,22.6,6.26,98,0.5,2893.651356,0.682,12,13,6.542547
71.6,No,189,21.7,6.17,98,0.5,2659.83918,0.674,11.9,14,0.652231
71.7,No,189,2.9,6.14,98,0.6,2358.93629,0.666,11.8,15,64.554952
71.4,No,192,2.2,5.93,97,0.7,296.54617,0.657,11.5,16,6.473164
71.2,No,194,19.4,5.92,97,0.8,1893.145377,0.649,11.2,17,63.543322
71.1,No,194,18.7,5.88,97,0.8,27.564826,0.64,10.9,18,6.295821
68,No,155,17,0.01,76,0.1,1153.51578,0.612,12.5,2,1.212814
67.7,No,158,16.6,0.01,82,0.1,117.765674,0.62,12.5,2,1.184366
67.4,No,159,16.2,0.01,83,0.1,1117.77724,0.618,12.5,2,0.115676
67.2,No,161,15.8,0.5,66,0.1,114.56179,0.607,12.5,2,1.131523
66.9,No,163,15.5,0.1,72,0.1,849.8626972,0.599,12.4,2,0.119591
66.6,No,165,15.1,0.09,78,0.1,757.3114436,0.599,12.1,2,0.019221
66.2,No,168,14.7,0.06,79,0.1,643.71911,0.566,11.7,2,0.017811
65.8,No,173,14.2,0.05,7,0.1,524.8959363,0.541,11.3,2,0.164973
64.9,No,186,13.9,0.04,62,0.1,441.53226,0.511,11,2,0.148621
63.7,No,26,13.5,0.36,55,0.1,478.331859,0.492,10.6,3,0.126484
62.3,No,229,13.2,0.38,57,0.1,467.5438297,0.484,10.2,3,0.996698
61,No,25,12.9,0.44,55,0.1,471.4565823,0.485,9.8,3,0.096852
62,No,261,12.6,0.48,38,0.1,48.61552,0.475,9.8,3,0.923825
59.7,No,285,23.7,0.01,85,1,62.1318489,0.475,12,13,7.228915
59.4,No,287,23.1,0.01,84,1.5,579.43485,0.47,12,14,0.742948
58.9,No,294,22.6,0.01,84,1.7,563.6894247,0.464,12,14,6.859482
58.3,No,34,22,1.44,85,2.6,562.3393592,0.457,11.5,14,6.679282
57.4,No,323,21.4,1.21,83,3.8,487.9238913,0.449,11,14,0.652952
56.7,No,336,2.9,1.24,78,4.3,499.6468713,0.442,10.6,14,0.633472
56.2,No,344,2.4,1.33,8,4.8,513.391914,0.441,10.1,14,6.161796
55.9,No,344,19.8,1.37,72,5.1,42.764743,0.443,10.6,14,5.997385
55.7,No,345,19.3,1.37,85,5,377.33629,0.436,10.2,15,5.837792
55,No,357,18.9,1.14,8,5,372.1721837,0.435,10.1,15,5.683268
54.9,No,355,18.4,1.01,71,5.1,349.9937253,0.432,10,15,5.534598
54.7,No,355,17.9,1.02,72,5.2,31.437144,0.428,9.9,15,0.539141
54.7,No,351,17.5,1,58,5.3,28.832123,0.428,9.7,15,5.251472
54.6,No,345,17.1,0.95,51,5.3,26.6394652,0.426,9.4,14,0.511177
54.6,No,339,16.6,1.1,63,5.1,26.3932935,0.425,9.3,14,0.497367
73.3,No,135,74.8,0.01,82,0.1,4192.349758,0.716,14.3,0,0.015782
73.2,No,137,74.3,0.01,84,0.1,4266.557174,0.718,14.3,0,0.015328
73,No,138,73.8,0.01,79,0.1,451.542462,0.717,14.4,0,0.014951
72.9,No,14,73.3,0.96,84,0.1,445.18866,0.712,14.4,0,0.014577
72.8,No,142,72.7,1.24,84,0.1,3547.59975,0.707,14.4,0,0.014137
72.5,No,147,72.1,1.08,86,0.1,37.846563,0.703,14.5,0,0.001364
72.6,No,145,71.5,1.1,88,0.1,3392.64743,0.698,14.5,0,1.35e-4
72.5,No,146,7.8,2.05,88,0.1,2932.315883,0.698,14.5,0,0.012357
72.4,No,148,7.1,1.79,89,0.1,2892.522663,0.695,14.6,0,0.011689
72.3,No,15,69.4,1.57,9,0.1,2594.74999,0.694,14.6,0,0.001141
72.2,No,151,68.6,1.8,91,0.1,2284.37858,0.693,14.6,0,1.46e-4
72,No,153,67.8,1.79,91,0.1,229.714718,0.683,13.7,0,0.099789
71.9,No,155,67,1.51,85,0.1,1842.44421,0.679,13.5,0,0.099184
71.8,No,157,66.2,1.35,91,0.1,1837.977391,0.674,13.2,0,0.098611
71.6,No,158,65.5,1.24,91,0.1,263.27236,0.676,13.7,0,0.009882
71.1,No,171,46,6.94,94,0.3,19325.24283,0.778,12.7,0,1.354493
71,No,172,45,6.71,94,0.3,1967.83283,0.773,12.7,0,1.348248
78,No,174,44,6.7,91,0.4,19152.531,0.772,12.6,0,1.341588
76,No,176,43,6.5,91,0.4,1953.9767,0.774,12.6,0,1.334788
74,No,179,42,6.5,91,0.4,16683.94578,0.772,12.5,0,0.013281
71,No,183,41.1,6.37,9,0.2,1458.8796,0.773,12.5,0,1.321618
69.9,No,185,4.2,6.41,91,0.3,21188.11857,0.767,12.4,0,1.315372
69.7,No,187,39.3,6.37,9,0.7,1653.1844,0.76,12.4,0,0.013926
69.6,No,188,38.4,6.35,89,0.6,1495.96337,0.751,12.3,0,0.133144
69.5,No,189,37.6,6.12,95,0.5,12323.1275,0.745,12.3,0,1.296934
69.4,No,19,36.8,5.82,94,1,129.51914,0.736,12.2,0,0.129535
69.3,No,191,36,5.53,91,0.5,884.518666,0.729,12,0,0.128452
69.2,No,192,35.2,5.12,96,2,749.626612,0.721,11.9,0,1.277837
69.1,No,194,34.4,4.55,91,1.2,6935.721451,0.715,11.8,0,0.127238
69.1,No,197,33.6,4.68,9,0.9,643.947262,0.709,11.7,0,1.267984
75.1,No,12,6.2,1.39,98,0.1,4271.68172,0.722,14.7,3,1.114398
74.9,No,13,59.3,1.29,98,0.1,4199.47253,0.72,14.7,3,1.114558
74.9,No,13,58.3,1.3,97,0.1,4137.55421,0.717,14.6,3,1.886668
74.8,No,13,57.4,1.29,98,0.1,4256.91279,0.714,14.5,3,1.761467
74.8,No,12,56.5,1.28,98,0.1,414.15177,0.71,14.4,3,1.639931
74.7,No,12,55.6,1.4,99,0.1,4129.977335,0.706,14.4,3,1.521834
74.7,No,12,54.7,1.37,99,0.1,431.9326,0.701,14.3,3,0.147336
74.6,No,12,53.9,1.24,98,0.1,3778.184171,0.695,14.3,3,0.129887
74.4,No,12,53.1,1.46,99,0.1,3371.71231,0.689,14.2,3,1.196136
74.2,No,14,52.2,1.37,98,0.1,3194.562243,0.683,13.9,3,0.112482
74,No,15,51.4,1.36,97,0.1,3112.83529,0.673,13.6,3,0.011761
73.7,No,17,5.6,1.34,95,0.1,2761.969249,0.667,13.5,4,9.939678
73.5,No,19,49.7,1.17,96,0.1,2346.5937,0.662,13.3,4,9.864326
73.2,No,11,48.9,1.19,98,0.1,2254.933126,0.654,13.1,4,0.978571
72.9,No,112,48.1,1.21,97,0.1,2213.91488,0.646,12.8,4,9.699197
75.5,No,17,65.3,1.45,96,0.1,12127.22522,0.759,14.5,16,0.773628
75.2,No,19,64.5,1.41,98,0.1,12542.93565,0.754,14.4,17,75.787333
74.8,No,112,63.7,1.54,97,0.1,1172.3843,0.75,14.3,19,74.569867
74.5,No,114,62.8,1.53,97,0.1,11341.13395,0.737,13.8,20,7.349455
74.2,No,116,61.9,1.49,97,0.1,1672.5693,0.715,13,21,72.326914
73.9,No,118,61.1,1.4,96,0.1,936.499911,0.709,12.5,23,71.339185
73.5,No,121,6.2,1.39,96,0.1,185.68975,0.705,12.5,25,0.074432
73.2,No,124,59.3,1.26,96,0.1,979.49246,0.697,12.3,26,69.597281
72.8,No,126,58.5,1.29,9,0.1,834.869161,0.687,11.9,28,6.876345
72.4,No,129,57.6,1.29,9,0.1,7384.354661,0.681,11.9,30,0.679346
72,No,132,56.8,1.35,85,0.1,64.72953,0.675,12,33,0.677855
71.6,No,135,55.9,1.42,69,0.1,4718.51291,0.668,11.9,35,0.668583
71.2,No,138,55.1,1.47,78,0.1,366.57,0.658,11.5,38,6.514354
78,No,14,54.3,1.49,88,0.1,3119.63716,0.653,11.1,41,64.191474
74,No,143,53.5,1.54,85,0.1,4316.553895,0.641,10.7,44,6.324121
66,No,217,47.7,2.9,98,0.1,7962.365824,0.683,10.8,7,5.466241
65.4,No,228,46.7,2.93,98,0.1,734.42525,0.678,10.7,7,5.366277
65.6,No,22,45.9,2.75,98,0.1,6675.262954,0.672,10.7,7,5.267839
65.6,No,217,45,2.55,97,0.1,5649.978486,0.665,10.6,7,0.517461
65.8,No,211,44.2,2.48,96,0.1,4439.23,0,10.6,7,0.058721
65.6,No,215,43.4,2.35,97,0.1,436.459223,0,10.5,6,0.005795
64.5,No,235,42.7,2.4,96,0.1,394.467675,0,10.5,6,4.935762
64.1,No,241,42,2.58,98,0.1,26.371428,0,10.4,6,0.487137
63.7,No,245,41.3,2.71,98,0.1,2136.66815,0,10.4,6,0.048115
63.3,No,248,4.7,2.85,99,0.1,174.51475,0,10.3,6,4.754641
63.5,No,238,4,2.86,98,0.1,1453.917166,0,10.3,6,0.473398
63.4,No,231,39.4,2.88,66,0.1,1283.885977,0,10.3,7,4.655741
63.3,No,229,38.7,2.33,99,0.1,967.917468,0,10.2,7,0.004612
64,No,221,38.1,2.35,94,0.1,774.4763388,0,10.2,7,0.045648
63.8,No,224,37.5,2.9,98,0.1,643.17518,0,0,7,4.516131
61.5,No,38,18.1,0.01,82,3.2,719.172669,0.483,10,68,38.833338
67,No,325,17.6,0.01,82,4,662.492293,0.478,10,71,37.553726
60,No,339,17.2,0.01,82,4.6,647.74741,0.477,10,73,3.636796
59.3,No,347,16.7,10.22,82,6.8,584.3962137,0.477,10.7,76,3.593648
58.4,No,362,16.3,10.03,79,8,594.9972557,0.473,10.9,79,33.915133
57.5,No,378,15.9,9.63,78,8.1,647.17732,0.464,10.8,82,32.771895
56.3,No,41,15.6,9.79,69,8.2,449.6928183,0.453,10.6,84,31.663896
55.5,No,41,15.2,9.65,7,8.4,41.858631,0.442,10.3,88,0.359487
54.9,No,41,14.8,9.81,62,8.6,336.4593923,0.434,10.6,93,2.955662
53.2,No,446,14.5,10.09,59,8.7,315.788227,0.429,10.9,99,2.854394
51.3,No,485,14.2,9.89,58,8.9,288.236949,0.427,11.6,104,27.568436
51,No,53,13.9,10.16,57,9.4,237.9995917,0.418,11.5,109,2.662482
48.8,No,523,13.6,10.42,57,10,24.2423229,0.404,11,112,2.571848
47.7,No,539,13.3,10.57,56,10.8,234.984775,0.396,10.8,115,24.854892
46.6,No,554,13,10.47,55,11.6,257.63369,0.382,9.8,116,2.439274
78,No,23,6.7,8.06,45,0.2,314.658296,0.746,15.2,4,45.271947
71,No,198,6.1,8.44,72,0.2,429.71554,0.744,15.2,4,0.454896
77,No,25,59.6,8.44,72,0.2,3855.42128,0.739,15.1,5,0.455933
75,No,24,59,8.48,54,0.2,3569.75727,0.734,14.9,5,0.045761
69.8,No,212,58.5,8.39,57,0.2,2965.142365,0.728,14.9,5,0.045877
69.2,No,231,58,8.71,74,0.3,2545.48341,0.734,14.9,5,0.046533
67.7,No,273,57.6,9.46,91,0.4,3891.37823,0.73,14.9,5,0.462582
67.5,No,277,57.2,8.86,98,0.7,368.68998,0.723,14.8,5,0.465935
67.7,No,267,56.8,7.99,99,0.8,233.18831,0.716,14.7,5,4.678775
67,No,278,56.4,7.31,95,0.9,1828.717626,0.707,14.5,5,0.471515
67.4,No,267,56.1,6.79,99,1,1367.352433,0.7,14.6,5,0.474516
67.6,No,256,55.7,5.92,99,0.9,148.522488,0.691,14.3,6,4.781295
67.6,No,256,55.4,4.89,99,0.9,879.475486,0.683,13.9,6,0.048225
67.7,No,253,55.1,4.31,99,0.8,78.738243,0.673,13.2,6,48.683865
67.5,No,257,54.8,4.49,99,0.7,635.789635,0.669,13.3,6,49.175848
76.8,No,117,63.4,6.03,95,0.1,16737.89827,0.791,15.5,0,3.419546
76.8,No,117,62.9,5.82,94,0.1,16881.2568,0.788,15.5,0,0.003485
76.5,No,118,62.3,5.77,95,0.1,1592.6819,0.784,15.5,0,3.396777
77,No,111,61.8,5.97,95,0.1,14166.4998,0.78,15.5,0,3.385624
76.3,No,118,61.2,6.21,95,0.1,11938.212,0.777,15.6,0,3.374415
76.6,No,118,6.7,6.67,95,0.1,9415.17386,0.774,15.5,0,3.362755
76.4,No,119,6.1,6.76,94,0.1,962.312164,0.77,15.7,1,0.335824
75.4,No,124,59.5,6.67,94,0.1,79.69746,0.76,15.3,1,3.339741
76.2,No,117,58.9,6.58,95,0.1,5877.87678,0.756,15.2,1,0.333143
75.7,No,123,58.3,6.35,96,0.1,522.951116,0.753,15.5,1,3.325612
75.4,No,122,57.7,5.66,95,0.1,4117.38853,0.75,15.5,1,0.332496
75.4,No,121,57,5.11,91,0.1,3622.52284,0.747,15,1,3.325637
75.4,No,124,56.3,5.86,93,0.1,488.768855,0.746,14.7,1,3.327773
75.2,No,123,55.7,6.48,94,0.1,6281.37747,0.742,14.2,1,0.332713
75.1,No,131,55,6.65,92,0.1,6871.897677,0.738,14,1,3.321245
69.2,No,184,43.9,0.01,99,0.1,25.448414,0.69,12.1,16,0.037577
69.1,No,185,43,0.01,99,0.1,197.551233,0.681,12,17,0.032432
68.8,No,184,42.2,0.01,99,0.1,174.468298,0.673,12,18,0.297745
68.5,No,183,41.4,2.83,99,0.1,1564.966945,0.664,12,19,0.293394
68.3,No,183,4.7,2.73,99,0.2,1377.8214,0.657,11.9,20,0.285624
68,No,183,4,2.56,99,0.2,1213.265328,0.651,11.8,21,0.277674
67.9,No,184,39.3,2.36,98,0.3,182.28625,0.644,11.9,22,0.027328
67.8,No,184,38.7,2.15,98,0.3,83.476942,0.631,11.8,22,0.026868
67.6,No,185,38.1,1.96,94,0.4,654.2838373,0.626,11.8,23,2.648825
67.3,No,192,37.5,1.78,99,0.3,546.776852,0.62,11.7,24,0.026167
67.8,No,183,37,1.59,99,0.3,465.1198869,0.613,11.6,24,2.586435
67.2,No,183,36.4,1.54,99,0.3,396.129969,0.607,11.3,25,2.556765
67.1,No,186,35.9,1.47,99,0.2,383.3494997,0.6,11,27,2.527185
67.4,No,185,35.3,1.53,99,0.2,456.734892,0.594,10.7,28,2.496445
67.1,No,189,34.8,1.6,99,0.1,558.221144,0,10.6,30,0.024654
71.7,No,134,52.5,0.01,65,0.1,3148.36513,0.596,10.8,0,0.025885
71.6,No,135,51.7,0.01,65,0.1,3167.34356,0.591,10.8,0,0.253142
71.4,No,138,5.8,0.01,65,0.1,3158.58688,0.592,10.8,0,0.247485
71.2,No,141,49.9,0.85,65,0.1,3275.91684,0.591,10.8,0,0.241871
71,No,145,49.1,0.91,66,0.1,2965.82434,0.59,10.8,0,0.236295
78,No,149,48.2,0.83,66,0.1,2643.441423,0.589,10.7,0,0.023785
75,No,153,47.4,1.18,66,0.1,2697.961375,0.582,10.7,0,0.022534
73,No,157,46.6,1.01,67,0.1,2393.367265,0.579,10.7,0,0.219953
71,No,161,45.7,1,67,0.1,247.97823,0.572,10.6,0,0.214634
69.9,No,165,44.9,0.88,67,0.1,1886.433359,0,10.6,0,0.002937
69.6,No,169,44.1,0.85,67,0.1,1787.94723,0,10.7,0,0.024143
69.4,No,173,43.3,1.2,67,0.1,158.52724,0,10.4,0,0.198964
69.3,No,176,42.6,1.24,67,0.1,1353.934819,0,10.2,0,0.193956
69.1,No,179,41.9,0.91,67,0.1,1362.61731,0,10.1,0,0.018929
69,No,18,41.1,1.21,67,0.1,1469.849149,0,9.6,0,0.018563
61.1,No,314,22.8,0.01,78,4.3,1738.8822,0.57,12.5,28,1.562974
63,No,328,22.3,2.41,74,4.8,185.793359,0.565,12.5,29,1.515321
59.2,No,349,21.7,2.59,7,5.6,1734.93612,0.554,12.3,29,14.699937
58.2,No,366,21.2,2.57,83,6.3,1644.619672,0.543,12,29,14.264756
58,No,363,2.7,2.47,8,6.8,1463.213573,0.533,11.8,30,0.138533
57.4,No,368,2.2,2.3,93,9.1,1139.11233,0.518,11.6,30,13.456417
55.7,No,45,19.7,2.12,9,11.9,1369.68249,0.504,11.4,31,1.382517
52.6,No,487,19.2,2.08,77,13.6,114.587985,0.492,11.1,32,12.725974
58,No,526,18.8,2.25,83,15.9,13.154199,0.479,10.9,33,12.383446
49.3,No,554,18.4,2.33,84,17,691.3178164,0.467,10.7,34,1.252156
47.9,No,578,18,2.46,84,17.6,53.2772217,0.456,10.5,36,11.731746
46.4,No,64,17.6,2.33,85,18.2,429.1583434,0.443,10.2,39,11.421984
45.5,No,69,17.3,2.44,85,18.4,377.135244,0.433,10,41,0.111249
44.6,No,611,17.1,2.61,86,18.6,378.2736238,0.424,9.8,43,1.824125
43.8,No,614,16.8,2.62,85,18.7,341.955625,0.418,9.6,44,1.531221
59.2,No,371,31.3,6.5,92,6.3,127.47462,0.498,10.3,23,15.411675
58,No,399,3.8,6.39,95,6.8,111.227396,0.488,10.4,25,0.155456
56.6,No,429,3.3,6.09,95,8.8,955.648466,0.464,9.8,26,1.471826
54.9,No,464,29.9,6,93,13.3,839.927936,0.452,10.1,28,14.386649
52.4,No,527,29.4,5.21,89,15.7,713.63562,0.436,10,29,1.486317
50,No,587,29,4.64,69,18.1,65.824121,0.419,9.9,30,1.381599
48.2,No,632,28.6,3.56,75,20.5,325.678573,0.421,9.7,30,13.558469
46.6,No,67,28.2,3.88,73,23.7,396.9982166,0.414,9.6,29,1.332999
45.4,No,7,27.9,4.57,71,26.8,414.796232,0.408,9.5,28,13.124267
44.6,No,717,27.5,4.14,69,30.3,444.76575,0.406,9.3,28,0.129432
44.3,No,723,27.1,4.36,67,33.6,454.366654,0.407,9.2,27,12.777511
44.5,No,715,26.7,4.06,7,36.7,453.3511552,0.418,9.5,26,12.633897
44.8,No,73,26.3,4.43,73,39.8,57.34834,0.427,10,25,0.125525
45.3,No,686,25.9,1.72,76,42.1,548.587312,0.427,9.8,25,12.366165
46,No,665,25.5,1.68,78,43.5,547.3588785,0.434,9.8,24,12.222251
